price_category,price,ram,internal_memory,screen_size,screen_tech,refresh_rate,camera_main_resolution,camera_count,brand,screen_resolution_k,chip_model
High,14490000.0,12.0,256,6.78,AMOLED,60.0,50,3,Asus,HD,Snapdragon 8
High,11950000.0,12.0,1024,6.59,AMOLED,120.0,48,2,Asus,HD,Snapdragon 855
High,10750000.0,12.0,256,6.59,AMOLED,144.0,64,3,Asus,HD,Snapdragon 865
High,11450000.0,16.0,512,6.59,AMOLED,144.0,64,3,Asus,HD,Snapdragon 865
High,14450000.0,16.0,512,6.78,AMOLED,144.0,64,3,Asus,HD,Snapdragon 888
High,13950000.0,16.0,256,6.78,AMOLED,144.0,64,3,Asus,HD,Snapdragon 888
High,9950000.0,16.0,256,6.78,AMOLED,165.0,50,3,Asus,HD,Dimensity 9000
High,12450000.0,16.0,512,6.78,AMOLED,165.0,50,3,Asus,HD,Dimensity 9000
High,8950000.0,16.0,512,6.78,AMOLED,165.0,50,3,Asus,HD,Snapdragon 8 gen 1
High,11550000.0,18.0,512,6.78,AMOLED,165.0,50,3,Asus,HD,Snapdragon 8 gen 1
High,14450000.0,16.0,512,6.78,AMOLED,165.0,50,3,Asus,HD,Snapdragon 8 gen 2
Premium,31550000.0,16.0,512,6.78,AMOLED,165.0,50,3,Asus,HD,Snapdragon 8 gen 2
Premium,15450000.0,24.0,1024,6.78,LTPO AMOLED,165.0,50,6,Asus,HD,Snapdragon 8 gen 3
Premium,19950000.0,24.0,1024,6.78,AMOLED,165.0,50,3,Asus,HD,Snapdragon 8 gen 3
Premium,17650000.0,16.0,512,6.78,LTPO AMOLED,165.0,50,3,Asus,HD,Snapdragon 8 e
Premium,22450000.0,16.0,256,6.78,LTPO SAMSUNG Flexible AMOLED,165.0,50,3,Asus,HD,Snapdragon 8 gen 3
Premium,27950000.0,24.0,1024,6.78,LTPO AMOLED,165.0,50,3,Asus,HD,Snapdragon 8 e
Premium,20490000.0,16.0,512,5.92,Super AMOLED,144.0,50,2,Asus,HD,Snapdragon 8 gen 2
Premium,25950000.0,16.0,512,6.78,LTPO AMOLED,144.0,50,3,Asus,HD,Snapdragon 8 gen 3
Premium,26950000.0,16.0,512,6.78,LTPO AMOLED,144.0,50,3,Asus,HD,Snapdragon 8 e
Premium,16450000.0,16.0,256,5.9,Super AMOLED,120.0,50,2,Asus,HD,Snapdragon 8 gen 1
Medium,3990000.0,8.0,256,6.78,IPS LCD,120.0,108,3,Infinix,HD,Helio G99
Low,2890000.0,8.0,256,6.56,IPS LCD,90.0,50,1,Infinix,HD,Unisoc t606
Low,2290000.0,4.0,128,6.56,IPS LCD,90.0,50,1,Infinix,HD,Unisoc t606
Medium,4890000.0,8.0,256,6.78,AMOLED,60.0,50,2,Infinix,HD,Helio G100
Medium,3790000.0,8.0,256,6.78,IPS LCD,120.0,50,2,Infinix,HD,Helio G100
Medium,5790000.0,8.0,256,6.78,AMOLED,120.0,108,3,Infinix,HD,Helio G99
Low,2790000.0,8.0,128,6.6,IPS LCD,90.0,50,1,Itel,HD,Unisoc t606
Low,2690000.0,8.0,128,6.6,IPS LCD,90.0,50,2,Itel,HD,Unisoc t606
Medium,3290000.0,8.0,128,6.56,IPS LCD,120.0,50,1,Itel,HD,Helio G99
Medium,3990000.0,12.0,256,6.56,IPS LCD,60.0,50,1,Itel,HD,Helio G99
Medium,3590000.0,8.0,256,6.56,IPS LCD,120.0,50,1,Itel,HD,Helio G99
Medium,7090000.0,8.0,256,6.67,Super AMOLED,60.0,50,1,Nothing,HD,Dimensity 7300
Medium,7990000.0,12.0,256,6.7,Flexible AMOLED On-cell,120.0,50,2,Nothing,HD,Dimensity 7200 pro
High,8890000.0,12.0,256,6.7,Flexible AMOLED On-cell,120.0,50,2,Nothing,HD,Dimensity 7350 pro
Medium,6790000.0,8.0,128,6.7,Flexible AMOLED On-cell,120.0,50,2,Nothing,HD,Dimensity 7200 pro
Low,1990000.0,4.0,128,6.6,IPS LCD,90.0,50,1,Nubia,HD,Sc986 3a
Medium,3990000.0,8.0,128,6.8,IPS LCD,60.0,50,2,Nubia,HD,Unisoc t8100
Low,2690000.0,6.0,256,6.6,IPS LCD,90.0,50,2,Nubia,HD,Unisoc t606
Low,2990000.0,4.0,64,6.56,IPS LCD,90.0,8,2,OPPO,HD,Helio G85
Medium,6090000.0,8.0,256,6.67,LCD,90.0,50,1,OPPO,HD,Snapdragon 6
Medium,4590000.0,6.0,128,6.67,LCD,90.0,50,1,OPPO,HD,Snapdragon 6
Medium,3990000.0,4.0,128,6.67,LCD,60.0,8,1,OPPO,HD,Snapdragon 6
High,8490000.0,8.0,256,6.7,AMOLED,120.0,64,3,OPPO,HD,Dimensity 7050
High,9490000.0,12.0,256,6.7,AMOLED,120.0,50,3,OPPO,HD,Dimensity 7300
Medium,7490000.0,8.0,256,6.7,AMOLED,120.0,50,3,OPPO,HD,Dimensity 6300
High,8790000.0,8.0,256,6.67,AMOLED,120.0,50,3,OPPO,HD,Helio G100
High,10790000.0,12.0,256,6.67,AMOLED,120.0,50,3,OPPO,HD,Snapdragon 6 gen1
Medium,7690000.0,8.0,256,6.67,OLED,120.0,50,2,Realme,HD,Dimensity 7300
Medium,3390000.0,6.0,256,6.74,IPS LCD,90.0,50,2,Realme,HD,Unisoc t612
Low,1690000.0,4.0,64,6.74,IPS LCD,90.0,13,2,Realme,HD,Unisoc t612
Medium,3790000.0,6.0,128,6.745,IPS LCD,90.0,50,2,Realme,HD,Tiger t612
Low,2890000.0,4.0,128,6.745,IPS LCD,90.0,50,2,Realme,HD,Tiger t612
Medium,4430000.0,8.0,128,6.67,IPS LCD,60.0,50,1,Realme,HD,Helio G85
Medium,3990000.0,8.0,256,6.67,IPS LCD,60.0,50,1,Realme,HD,Helio G85
Medium,4890000.0,8.0,256,6.745,IPS LCD,90.0,50,1,Realme,HD,Tiger t612
Medium,4290000.0,8.0,128,6.72,IPS LCD,90.0,108,2,Realme,HD,Snapdragon 685
Low,2790000.0,4.0,128,6.74,IPS LCD,60.0,13,2,Realme,HD,Tiger t612
Medium,3190000.0,4.0,64,6.74,IPS LCD,90.0,32,1,Realme,HD,Unisoc t612
Low,1990000.0,3.0,64,6.74,LCD,90.0,8,1,Realme,HD,Unisoc t612
High,9290000.0,12.0,512,6.67,AMOLED,120.0,200,3,Xiaomi,HD,Snapdragon 7
Medium,3190000.0,6.0,128,6.7,PLS LCD,90.0,50,3,Samsung,HD,Snapdragon 680
Medium,3990000.0,4.0,128,6.7,PLS LCD,90.0,50,2,Samsung,HD,Dimensity 6300
Low,2990000.0,4.0,128,6.7,PLS LCD,60.0,50,2,Samsung,HD,Helio G85
Medium,4590000.0,4.0,128,6.7,Super AMOLED,90.0,50,3,Samsung,HD,Helio G99
Medium,6790000.0,8.0,128,6.7,Super AMOLED,60.0,50,3,Samsung,HD,Exynos 1380
Medium,7990000.0,8.0,128,6.7,Super AMOLED,120.0,50,3,Samsung,HD,Snapdragon 6 gen 3
High,9490000.0,8.0,128,6.7,Super AMOLED,120.0,50,3,Samsung,HD,Exynos 1580
Medium,5890000.0,6.0,128,6.5,Super AMOLED,60.0,50,3,Samsung,HD,Dimensity 6100
High,8490000.0,8.0,256,6.6,Super AMOLED,120.0,50,2,Samsung,HD,Exynos 1380
High,9190000.0,12.0,256,6.7,Super AMOLED Plus,120.0,50,3,Samsung,HD,Snapdragon 7 gen 1
High,11890000.0,8.0,256,6.4,Dynamic AMOLED 2X,120.0,50,3,Samsung,HD,Exynos 2200 8
High,13490000.0,8.0,128,6.7,Dynamic AMOLED,120.0,50,2,Samsung,HD,Exynos 2400
Premium,25990000.0,12.0,512,6.7,Dynamic AMOLED 2X,120.0,50,3,Samsung,FHD,Snapdragon 8 e
Premium,37190000.0,12.0,1024,6.9,Dynamic AMOLED 2X,120.0,200,4,Samsung,FHD,Snapdragon 8 e
Premium,27990000.0,12.0,256,6.9,Dynamic AMOLED 2X,120.0,200,4,Samsung,FHD,Snapdragon 8 e
Premium,25490000.0,12.0,256,6.5,OLED,120.0,52,4,Sony,HD,Snapdragon 8 gen 3
High,8750000.0,8.0,128,6.1,OLED,120.0,48,3,Sony,HD,Snapdragon 6 gen 1
Medium,5690000.0,12.0,256,6.78,AMOLED,120.0,50,2,Tecno,HD,Helio G99
Medium,3590000.0,8.0,256,6.78,AMOLED,120.0,100,1,Tecno,HD,G10 0
Medium,4290000.0,6.0,128,6.67,IPS LCD,60.0,108,1,Tecno,HD,D630 0
Medium,4590000.0,8.0,256,6.78,AMOLED,60.0,108,1,Tecno,HD,Helio G100
Low,1990000.0,4.0,128,6.67,IPS LCD,120.0,50,0,Tecno,HD,Helio G81
Low,2190000.0,4.0,64,6.67,IPS LCD,60.0,13,1,Tecno,HD,Unisoc t615
Low,2090000.0,4.0,64,6.67,IPS LCD,120.0,13,1,Tecno,HD,Unisoc t615
Medium,6990000.0,12.0,256,6.78,AMOLED,120.0,50,2,Vivo,HD,Snapdragon 6 gen 1
Low,2890000.0,4.0,128,6.56,LCD,60.0,13,4,Vivo,HD,Helio G85
Medium,3190000.0,4.0,128,6.56,LCD,90.0,13,4,Vivo,HD,T61 2
Medium,3190000.0,4.0,64,6.56,LCD,90.0,13,4,Vivo,HD,T61 2
Low,2990000.0,4.0,64,6.74,LCD,60.0,13,4,Vivo,HD,Unisoc t7225 8
Medium,3790000.0,6.0,128,6.74,LCD,60.0,13,4,Vivo,HD,Unisoc t7225 8
Medium,3190000.0,4.0,64,6.56,IPS LCD,90.0,50,2,Vivo,HD,Helio G85
Low,2890000.0,6.0,128,6.56,IPS LCD,90.0,50,4,Vivo,HD,Helio G85
Medium,4590000.0,8.0,128,6.68,LCD,90.0,50,2,Vivo,HD,T61 2
Medium,5090000.0,8.0,128,6.67,IPS LCD,60.0,50,2,Vivo,HD,Helio G85
Medium,5790000.0,8.0,256,6.64,IPS LCD,90.0,50,2,Vivo,HD,Snapdragon 680
Premium,31990000.0,16.0,512,6.73,AMOLED,120.0,200,4,Xiaomi,FHD,Snapdragon 8 e
Premium,21990000.0,12.0,256,6.36,CrystalRes AMOLED,120.0,50,3,Xiaomi,HD,Snapdragon 8 e
Low,2390000.0,4.0,128,6.71,IPS LCD,90.0,8,1,Xiaomi,HD,Helio G36
Medium,7790000.0,8.0,256,6.67,AMOLED,120.0,200,3,Xiaomi,HD,Snapdragon 7
Medium,6290000.0,8.0,256,6.67,AMOLED,120.0,200,3,Xiaomi,HD,Helio G99ULTRA
Medium,7290000.0,8.0,256,6.67,AMOLED,60.0,108,3,Xiaomi,HD,Dimensity 7025 ultra
High,9690000.0,8.0,256,6.67,AMOLED,120.0,200,3,Xiaomi,HD,Snapdragon 7
Medium,4590000.0,6.0,128,6.67,AMOLED,120.0,108,3,Xiaomi,HD,Helio G99ULTRA
Low,2190000.0,4.0,128,6.75,IPS LCD,60.0,13,1,ZTE,HD,A1 Bionic
Low,1990000.0,4.0,64,6.75,IPS LCD,60.0,13,1,ZTE,HD,A1 Bionic
Low,2290000.0,6.0,128,6.67,IPS LCD,60.0,48,3,ZTE,HD,Unisoc t618
Low,2650000.0,6.0,128,5.81,OLED,60.0,12,1,Google,HD,Snapdragon 730g
Medium,3150000.0,6.0,128,6.2,OLED,60.0,16,2,Google,HD,Snapdragon 765g
Medium,4450000.0,6.0,128,6.3,P-OLED,90.0,16,2,Google,FHD,Snapdragon 855
Medium,3750000.0,6.0,128,6.34,OLED,60.0,16,2,Google,HD,Snapdragon 765g
Medium,6250000.0,6.0,128,6.1,OLED,60.0,12,2,Google,HD,Tensor 8
Medium,7250000.0,12.0,512,6.7,LTPO AMOLED,120.0,50,3,Google,FHD,Tensor 8
High,11950000.0,8.0,256,6.3,AMOLED,90.0,50,2,Google,HD,Tensor G2
High,10550000.0,8.0,128,6.1,OLED,90.0,64,2,Google,HD,Tensor G2
Premium,18990000.0,12.0,512,6.7,LTPO AMOLED,120.0,50,3,Google,FHD,Tensor G2
High,12690000.0,8.0,256,6.1,OLED,120.0,64,2,Google,HD,Tensor G3
Premium,17050000.0,8.0,256,6.2,OLED,120.0,50,2,Google,HD,Tensor G3
Premium,24390000.0,12.0,256,6.7,LTPO OLED,120.0,50,3,Google,HD,Tensor G3
Premium,20050000.0,12.0,256,6.3,OLED,120.0,50,2,Google,HD,Tensor G4
Premium,24950000.0,16.0,1024,6.3,LTPO OLED,120.0,50,3,Google,HD,Tensor G4
Premium,42250000.0,16.0,512,8.0,Foldable LTPO OLED | Màn phụ: OLED,120.0,48,3,Google,2K,Tensor G4
Premium,27550000.0,16.0,1024,6.8,LTPO OLED,120.0,50,3,Google,HD,Tensor G4
Premium,39890000.0,12.0,512,7.6,OLED,120.0,48,3,Google,FHD,Tensor G2
High,12950000.0,12.0,512,6.7,AMOLED,120.0,50,3,Honor,HD,Snapdragon 7 gen 3
Medium,6450000.0,6.0,128,6.26,IPS LCD,60.0,48,3,Honor,HD,Kirin 810
Medium,7450000.0,16.0,512,6.7,AMOLED,120.0,50,2,Honor,HD,Snapdragon 7 gen 3
High,11950000.0,16.0,512,6.78,AMOLED,120.0,50,3,Honor,HD,Snapdragon 8 gen 3
High,14750000.0,16.0,1024,6.78,AMOLED,120.0,50,3,Honor,HD,Snapdragon 8 gen 3
High,8050000.0,16.0,512,6.7,AMOLED,120.0,50,2,Honor,HD,Snapdragon 7 gen 4
High,11950000.0,16.0,512,6.78,AMOLED,120.0,50,3,Honor,HD,Snapdragon 8 gen 3
High,14950000.0,16.0,1024,6.78,OLED,120.0,50,3,Honor,HD,Snapdragon 8 e
Medium,7950000.0,8.0,265,6.67,OLED,120.0,64,1,Honor,HD,Dimensity 900
High,9550000.0,12.0,512,6.67,OLED,120.0,160,3,Honor,HD,Snapdragon 782g
High,12350000.0,12.0,512,6.78,OLED,120.0,54,3,Honor,HD,Dimensity 8000
High,11050000.0,12.0,512,6.78,OLED,120.0,200,3,Honor,HD,Snapdragon 8 gen 1
High,8450000.0,12.0,256,6.67,OLED,120.0,64,3,Honor,HD,Dimensity 900
Medium,4950000.0,6.0,128,6.59,IPS LCD,60.0,48,2,Honor,HD,Kirin 810
Medium,7650000.0,16.0,1024,6.7,AMOLED,120.0,50,2,Honor,HD,Snapdragon 8 gen 3
High,11950000.0,16.0,1024,6.7,AMOLED,120.0,50,3,Honor,HD,Snapdragon 8 e
Premium,15750000.0,16.0,1024,6.78,LTPO OLED,120.0,50,3,Honor,HD,Snapdragon 8 e
Premium,19950000.0,16.0,1024,6.8,LTPO OLED,120.0,200,3,Honor,HD,Snapdragon 8 e
Premium,27950000.0,24.0,1024,6.8,LTPO OLED,120.0,200,3,Honor,HD,Snapdragon 8 e
Premium,23450000.0,12.0,512,6.81,LTPO OLED,120.0,50,3,Honor,HD,Snapdragon 8 gen 1
Premium,25950000.0,12.0,512,6.81,LTPO OLED,120.0,64,3,Honor,HD,Snapdragon 8 gen 1
Premium,29700000.0,16.0,1024,7.92,Foldable LTPO OLED (màn hình chính) | LTPO OLED (màn hình phụ),120.0,50,3,Honor,2K,Snapdragon 8 gen 2
Premium,34950000.0,16.0,1024,7.92,Foldable LTPO AMOLED (màn chính) | LTPO OLED (màn phụ),120.0,50,3,Honor,2K,Snapdragon 8 gen 3
Premium,23450000.0,16.0,512,7.92,Foldable LTPO OLED | Màn phụ: LTPO OLED,120.0,50,3,Honor,2K,Snapdragon 8 gen 1
Premium,28450000.0,12.0,512,7.9,Foldable OLED | OLED,90.0,54,3,Honor,FHD,Snapdragon 8 gen 1
Medium,4250000.0,12.0,256,6.8,TFT LCD,90.0,50,2,Honor,HD,Dimensity 6020
Medium,3990000.0,12.0,256,6.8,TFT LCD,90.0,50,2,Honor,HD,Dimensity 6080
Medium,5450000.0,12.0,512,6.7,AMOLED,90.0,108,2,Honor,HD,Dimensity 6080
Low,2150000.0,4.0,64,6.56,TFT LCD,90.0,13,1,Honor,HD,Helio G36
Low,2950000.0,4.0,1258,6.56,TFT LCD,90.0,50,1,Honor,HD,Helio G36
Low,2050000.0,4.0,128,6.56,TFT LCD,90.0,50,2,Honor,HD,Helio G36
Low,2450000.0,6.0,256,6.56,TFT LCD,90.0,50,2,Honor,HD,Helio G85
Medium,3450000.0,8.0,256,6.77,IPS LCD,120.0,108,2,Honor,HD,Snapdragon 685
Medium,7650000.0,8.0,512,6.7,AMOLED,90.0,108,3,Honor,HD,Snapdragon 680
Medium,4450000.0,8.0,512,6.7,AMOLED,120.0,108,2,Honor,HD,Snapdragon 685
Medium,6450000.0,8.0,256,6.67,AMOLED,120.0,64,3,Honor,HD,Snapdragon 695
Medium,7990000.0,12.0,512,6.78,AMOLED,120.0,108,2,Honor,HD,Snapdragon 6 gen 1
Medium,6990000.0,12.0,256,6.8,TFT LCD,120.0,108,2,Honor,HD,Dimensity 7025 ultra
High,14490000.0,8.0,256,6.53,"OLED, 16 triệu màu",60.0,40,3,Huawei,HD,Kirin 990
Premium,17990000.0,8.0,128,6.1,"OLED, cảm ứng điện dung 16.7 triệu màu",60.0,40,3,Huawei,HD,Kirin 980
Medium,3890000.0,3.0,32,5.5,IPS LCD,60.0,12,2,Huawei,HD,Kirin 655
Premium,16950000.0,8.0,256,7.2,OLED,60.0,40,3,Huawei,HD,Kirin 980
Medium,5800000.0,4.0,64,5,IPS LCD,60.0,16,2,Huawei,HD,Kirin 659
Medium,6950000.0,8.0,128,6.4,IPS LCD,60.0,24,4,Huawei,HD,Kirin 710
High,9950000.0,8.0,128,6.39,OLED,60.0,48,4,Huawei,HD,Kirin 980
Premium,26550000.0,16.0,1024,6.3,Foldable LTPO2 OLED (màn chính) | LTPO2 OLED (màn phụ),120.0,50,4,Huawei,HD,Kirin 9020 8
Medium,5690000.0,8.0,256,6.67,AMOLED,120.0,108,3,Infinix,HD,Dimensity 8050
Medium,6950000.0,12.0,256,6.78,AMOLED,144.0,108,3,Infinix,HD,Dimensity 8200
Medium,7950000.0,12.0,256,6.78,AMOLED,144.0,108,2,Infinix,HD,Dimensity 8300
Medium,7250000.0,12.0,256,6.67,AMOLED,120.0,108,3,Infinix,HD,Dimensity 8050
Medium,7650000.0,12.0,256,6.67,AMOLED,120.0,108,3,Infinix,HD,Dimensity 8050
Medium,6990000.0,12.0,256,6.78,AMOLED,144.0,108,3,Infinix,HD,Dimensity 8020
High,9490000.0,4.0,128,6.1,IPS LCD,60.0,12,1,Apple,HD,A13 Bionic
Medium,7990000.0,4.0,64,6.1,IPS LCD,60.0,12,1,Apple,HD,A13 Bionic
High,9990000.0,4.0,128,6.1,OLED,60.0,12,2,Apple,HD,A14 Bionic
Premium,27590000.0,6.0,256,6.7,OLED,60.0,12,3,Apple,HD,A14 Bionic
Premium,23490000.0,6.0,128,6.7,OLED,60.0,12,3,Apple,HD,A14 Bionic
Premium,24990000.0,6.0,128,6.1,OLED,60.0,12,3,Apple,HD,A14 Bionic
Medium,7990000.0,4.0,64,6.1,OLED,60.0,12,2,Apple,HD,A14 Bionic
High,14990000.0,4.0,256,6.1,Super Retina XDR OLED,60.0,12,2,Apple,HD,A15 Bionic
Premium,25500000.0,4.0,512,6.1,Super Retina XDR OLED,60.0,12,2,Apple,HD,A15 Bionic
Premium,24490000.0,6.0,256,6.1,Super Retina XDR OLED,120.0,12,3,Apple,HD,A15 Bionic
Premium,23990000.0,6.0,256,6.7,Super Retina XDR OLED,120.0,12,3,Apple,HD,A15 Bionic
Premium,22990000.0,6.0,128,6.7,Super Retina XDR OLED,120.0,12,3,Apple,HD,A15 Bionic
Premium,21990000.0,6.0,128,6.1,Super Retina XDR OLED,120.0,12,3,Apple,HD,A15 Bionic
High,11590000.0,4.0,128,6.1,Super Retina XDR OLED,60.0,12,2,Apple,HD,A15 Bionic
Premium,15990000.0,6.0,256,6.1,OLED,60.0,12,2,Apple,HD,A15 Bionic
Premium,19990000.0,6.0,256,6.7,Super Retina XDR OLED,60.0,12,2,Apple,HD,A15 Bionic
Premium,17990000.0,6.0,128,6.7,Super Retina XDR OLED,60.0,12,2,Apple,HD,A15 Bionic
Premium,24990000.0,6.0,256,6.1,Super Retina XDR OLED,120.0,48,3,Apple,HD,A16 Bionic
Premium,41790000.0,6.0,1024,6.7,Super Retina XDR OLED,120.0,48,3,Apple,HD,A16 Bionic
Premium,27990000.0,6.0,256,6.7,Super Retina XDR OLED,120.0,48,3,Apple,HD,A16 Bionic
Premium,25590000.0,6.0,128,6.7,Super Retina XDR OLED,120.0,48,3,Apple,HD,A16 Bionic
Premium,22990000.0,6.0,128,6.1,Super Retina XDR OLED,120.0,48,3,Apple,HD,A16 Bionic
High,12990000.0,6.0,128,6.1,OLED,60.0,12,2,Apple,HD,A15 Bionic
Premium,18990000.0,6.0,256,6.1,Super Retina XDR OLED,60.0,48,2,Apple,HD,A16 Bionic
Premium,22790000.0,6.0,256,6.7,Super Retina XDR OLED,60.0,48,2,Apple,HD,A16 Bionic
Premium,19490000.0,6.0,128,6.7,Super Retina XDR OLED,60.0,48,2,Apple,HD,A16 Bionic
Premium,30990000.0,8.0,512,6.7,Super Retina XDR OLED,120.0,48,3,Apple,HD,A17 Bionic
Premium,15790000.0,6.0,128,6.1,Super Retina XDR OLED,60.0,48,2,Apple,HD,A16 Bionic
Premium,22490000.0,12.0,256,6.1,Super Retina XDR OLED,60.0,48,2,Apple,HD,A18 Bionic
Premium,25890000.0,12.0,256,6.7,Super Retina XDR OLED,60.0,48,2,Apple,HD,A18 Bionic
Premium,29490000.0,12.0,512,6.7,Super Retina XDR OLED,60.0,48,2,Apple,HD,A18 Bionic
Premium,22490000.0,12.0,128,6.7,Super Retina XDR OLED,60.0,48,2,Apple,HD,A18 Bionic
Premium,39990000.0,12.0,1024,6.3,Super Retina XDR OLED,120.0,48,3,Apple,HD,A18 Bionic
Premium,28590000.0,12.0,256,6.3,Super Retina XDR OLED,120.0,48,3,Apple,HD,A18 Bionic
Premium,34690000.0,12.0,512,6.3,Super Retina XDR OLED,120.0,48,3,Apple,HD,A18 Bionic
Premium,42990000.0,12.0,1024,6.9,Super Retina XDR OLED,120.0,48,3,Apple,HD,A18 Bionic
Premium,37490000.0,12.0,512,6.9,Super Retina XDR OLED,120.0,48,3,Apple,HD,A18 Bionic
Premium,30990000.0,12.0,256,6.9,Super Retina XDR OLED,120.0,48,3,Apple,HD,A18 Bionic
Premium,25290000.0,12.0,128,6.3,Super Retina XDR OLED,120.0,48,3,Apple,HD,A18 Bionic
Premium,19190000.0,12.0,128,6.1,Super Retina XDR OLED,60.0,48,2,Apple,HD,A18 Bionic
Premium,19390000.0,12.0,256,6.1,Super Retina XDR,60.0,48,4,Apple,HD,A18 Bionic
Premium,25490000.0,12.0,512,6.1,Super Retina XDR,60.0,48,4,Apple,HD,A18 Bionic
Premium,16290000.0,12.0,128,6.1,Super Retina XDR,60.0,48,4,Apple,HD,A18 Bionic
High,9600000.0,4.0,256,6.1,Liquid Retina IPS LCD,60.0,12,2,Apple,HD,A13 Bionic
Premium,28550000.0,6.0,512,6.7,Super Retina XDR OLED,60.0,12,3,Apple,HD,A14 Bionic
Premium,17450000.0,4.0,512,6.1,Super Retina,60.0,12,2,Apple,HD,A15 Bionic
Premium,20950000.0,6.0,1024,6.7,Super Retina,120.0,12,3,Apple,HD,A15 Bionic
Premium,21450000.0,6.0,128,6.1,Super Retina XDR OLED,60.0,12,2,Apple,HD,A15 Bionic
Premium,24850000.0,6.0,1024,6.1,LTPO Super Retina XDR OLED,120.0,48,3,Apple,HD,A16 Bionic
Premium,18650000.0,6.0,512,6.1,Super Retina XDR OLED,60.0,48,2,Apple,HD,A16 Bionic
Premium,22350000.0,6.0,512,6.7,Super Retina XDR OLED,60.0,48,2,Apple,HD,A16 Bionic
Premium,28999000.0,8.0,1024,6.1,LTPO Super Retina XDR OLED,120.0,48,3,Apple,HD,A17 Bionic
Premium,25450000.0,8.0,1024,6.7,LTPO Super Retina XDR OLED,120.0,48,3,Apple,HD,A17 Bionic
Premium,16990000.0,8.0,512,6.1,Super Retina XDR OLED,60.0,48,1,Apple,HD,A18 Bionic
Premium,20950000.0,8.0,512,6.1,Super Retina XDR OLED,60.0,48,2,Apple,HD,A18 Bionic
Premium,24950000.0,8.0,512,6.7,Super Retina XDR OLED,60.0,48,2,Apple,HD,A18 Bionic
Premium,27500000.0,8.0,1024,6.3,LTPO Super Retina XDR OLED,120.0,48,3,Apple,HD,A18 Bionic
Premium,34800000.0,8.0,1024,6.9,LTPO Super Retina XDR OLED,120.0,48,3,Apple,HD,A18 Bionic
Medium,3950000.0,3.0,32,5.5,IPS LCD,60.0,12,1,Apple,HD,A10 Bionic
High,12950000.0,8.0,512,6.1,Super Retina XDR OLED,60.0,48,1,Apple,HD,A18 Bionic
Low,2390000.0,8.0,128,6.6,IPS LCD,90.0,50,1,Itel,HD,Unisoc t606
Low,2850000.0,4.0,128,6.6,IPS LCD,90.0,50,2,Itel,HD,Dimensity 6080
Low,2950000.0,8.0,256,6.78,AMOLED,60.0,50,2,Itel,HD,Tiger t616 8
High,10250000.0,12.0,512,6.55,OLED,144.0,50,3,Meizu,HD,Snapdragon 8 gen 2
High,10450000.0,16.0,512,6.55,OLED,144.0,50,3,Meizu,HD,Snapdragon 8 gen 2
High,13650000.0,12.0,256,6.81,LTPO OLED,120.0,50,3,Meizu,FHD,Snapdragon 8 gen 2
High,11750000.0,12.0,512,6.55,AMOLED,120.0,200,3,Meizu,HD,Snapdragon 8 gen 3
High,9150000.0,16.0,512,6.78,LTPO OLED,144.0,50,2,Meizu,HD,Snapdragon 8 gen 2
Premium,17150000.0,16.0,1024,6.79,LTPO AMOLED,120.0,50,3,Meizu,HD,Snapdragon 8 gen 3
Medium,3250000.0,4.0,128,5.2,Super AMOLED,60.0,12,1,Meizu,HD,Helio p25
Medium,4450000.0,6.0,128,5.7,Super AMOLED,60.0,12,1,Meizu,FHD,Helio x30
High,12250000.0,8.0,256,6.6,P-OLED,144.0,50,2,Motorola,HD,Dimensity 7030
High,12950000.0,12.0,256,6.7,OLED,144.0,50,3,Motorola,HD,Snapdragon 8 gen 1
High,10350000.0,12.0,256,6.55,P-OLED,144.0,50,2,Motorola,HD,Dimensity 7030
High,9050000.0,12.0,512,6.7,OLED,144.0,50,3,Motorola,HD,Snapdragon 7 gen 3
Premium,16860000.0,8.0,512,6.67,OLED,165.0,50,3,Motorola,HD,Snapdragon 8 gen 2
High,10950000.0,12.0,256,6.7,OLED,144.0,50,3,Motorola,HD,Snapdragon 8 gen1
Medium,3790000.0,4.0,128,6.5,IPS LCD,60.0,50,2,Motorola,HD,Tiger t616 8
Medium,3950000.0,8.0,128,6.5,IPS LCD,120.0,50,2,Motorola,HD,Dimensity 7020
Medium,5850000.0,12.0,256,6.5,P-OLED,120.0,50,2,Motorola,HD,Snapdragon 695
Medium,4820000.0,4.0,128,6.5,IPS LCD,120.0,48,2,Motorola,HD,Snapdragon 480
Medium,7250000.0,6.0,256,6.6,LTPS LCD,120.0,50,2,Motorola,HD,Snapdragon 6 gen 1
High,12450000.0,12.0,128,6.7,OLED,165.0,50,3,Motorola,HD,Snapdragon 8 gen 2
High,13250000.0,12.0,256,6.9,Foldable LTPO AMOLED,144.0,64,2,Motorola,HD,Snapdragon 7 gen 1
Premium,18850000.0,12.0,512,6.9,Foldable LTPO AMOLED | AMOLED,165.0,13,2,Motorola,HD,Snapdragon 8 gen 1
Premium,19950000.0,12.0,512,6.6,P-OLED,144.0,50,3,Motorola,HD,Snapdragon 8 gen 1
Medium,4950000.0,8.0,256,6.67,AMOLED,120.0,50,2,Nothing,HD,Dimensity 7300
Premium,25750000.0,16.0,512,8,Foldable LTPO AMOLED,120.0,50,3,Nothing,2.5K,Dimensity 9400
High,9950000.0,12.0,256,6.55,OLED,120.0,50,2,Nothing,HD,Snapdragon 778g
High,14190000.0,12.0,512,6.7,OLED,120.0,50,2,Nothing,HD,Snapdragon 8 gen 1
Medium,7150000.0,12.0,256,6.7,AMOLED,120.0,50,2,Nothing,HD,Dimensity 7200 pro
High,8450000.0,12.0,256,6.7,AMOLED,120.0,50,2,Nothing,HD,Dimensity 7350 pro
High,14990000.0,12.0,512,6.5,LTPO OLED,120.0,50,2,Nothing,HD,Snapdragon 8
Medium,7050000.0,12.0,256,6.77,AMOLED,120.0,50,3,Nothing,HD,Snapdragon 7
Medium,7950000.0,12.0,256,6.7,AMOLED,120.0,50,2,Nothing,HD,Dimensity 7350 pro
High,8450000.0,12.0,256,6.77,AMOLED,120.0,50,3,Nothing,HD,Snapdragon 7
Medium,4690000.0,8.0,256,6.72,IPS LCD,120.0,50,2,Nubia,HD,Unisoc t820
Medium,3990000.0,8.0,256,6.6,IPS LCD,120.0,50,1,Nubia,HD,Unisoc t820
Medium,3650000.0,8.0,256,6.6,ISP LCD,120.0,50,2,Nubia,HD,Unisoc t820 8
Premium,21500000.0,24.0,1024,6.85,AMOLED,144.0,50,3,Nubia,HD,Snapdragon 8 e
Medium,6050000.0,16.0,256,6.65,"AMOLED, Full HD+ (1080x2340 pixels) - 144Hz",144.0,64,3,Nubia,HD,Snapdragon 865
Medium,6900000.0,16.0,256,6.65,AMOLED,144.0,64,3,Nubia,HD,Snapdragon 865
Medium,7450000.0,12.0,256,6.8,AMOLED,144.0,64,4,Nubia,HD,Snapdragon 888
Medium,7950000.0,18.0,512,6.8,AMOLED,165.0,64,3,Nubia,HD,Snapdragon 888
Medium,6950000.0,12.0,256,6.8,AMOLED,165.0,64,3,Nubia,HD,Snapdragon 888
High,11750000.0,18.0,512,6.8,AMOLED,165.0,64,3,Nubia,HD,Snapdragon 8 gen 1
High,11950000.0,18.0,1024,6.8,AMOLED,120.0,64,3,Nubia,HD,Snapdragon 8 gen 1
High,8450000.0,18.0,512,6.8,AMOLED,165.0,64,3,Nubia,HD,Snapdragon 8 gen1
High,11450000.0,16.0,1024,6.8,AMOLED,120.0,64,3,Nubia,HD,Snapdragon 8 gen1
High,12250000.0,12.0,512,6.8,AMOLED,120.0,50,3,Nubia,HD,Snapdragon 8 gen 2
High,12250000.0,24.0,1024,6.8,AMOLED,120.0,50,3,Nubia,HD,Snapdragon 8 gen 2
Premium,21550000.0,24.0,1024,6.8,AMOLED,120.0,50,3,Nubia,HD,Snapdragon 8 gen 2
High,13450000.0,16.0,128,6.8,AMOLED,165.0,50,3,Nubia,HD,Snapdragon 8 gen 2
High,12450000.0,12.0,512,6.8,AMOLED,120.0,50,3,Nubia,HD,Snapdragon 8 gen 2
High,14250000.0,16.0,1024,6.8,AMOLED,120.0,50,3,Nubia,HD,Snapdragon 8 gen 2
Premium,19950000.0,12.0,512,6.8,AMOLED,120.0,50,3,Nubia,HD,Snapdragon 8 gen 2
High,13000000.0,12.0,512,6.8,AMOLED,120.0,50,3,Nubia,HD,Snapdragon 8 gen 3
Premium,18450000.0,24.0,256,6.8,AMOLED,120.0,50,3,Nubia,HD,Snapdragon 8 gen 3
Premium,22790000.0,16.0,512,6.8,AMOLED,120.0,50,3,Nubia,HD,Snapdragon 8 gen 3
Premium,15990000.0,8.0,128,6.7,Fluid AMOLED,120.0,50,3,OnePlus,FHD,Snapdragon 8 gen 2
Premium,18990000.0,16.0,256,6.7,Super Fluid AMOLED,120.0,50,3,OnePlus,FHD,Snapdragon 8 gen 2
Premium,15950000.0,16.0,256,6.7,Fluid AMOLED,120.0,50,3,OnePlus,HD,Snapdragon 8 gen 1
Premium,17450000.0,12.0,256,6.7,LTPO2 Fluid AMOLED,120.0,50,3,OnePlus,FHD,Snapdragon 8 gen 1
High,11050000.0,16.0,256,6.74,Fluid AMOLED,120.0,50,3,OnePlus,HD,Snapdragon 8 gen 1
High,12950000.0,16.0,512,6.7,LTPO3 AMOLED,120.0,50,3,OnePlus,FHD,Snapdragon 8 gen 2
High,11450000.0,16.0,128,6.78,LTPO4 AMOLED,120.0,50,3,OnePlus,HD,Snapdragon 8 gen 2
High,14950000.0,24.0,1024,6.82,LTPO AMOLED,120.0,64,3,OnePlus,FHD,Snapdragon 8 gen 3
High,12790000.0,16.0,512,6.78,LTPO 4.1 AMOLED,120.0,50,3,OnePlus,HD,Snapdragon 8 gen 3
High,13950000.0,24.0,1024,6.82,LTPO AMOLED,120.0,50,3,OnePlus,FHD,Snapdragon 8 e
High,12950000.0,16.0,1024,6.31,LTPO OLED,120.0,50,2,OnePlus,HD,Snapdragon 8 e
High,9450000.0,6.0,128,6.41,Optic AMOLED,60.0,48,2,OnePlus,HD,Snapdragon 855
High,13550000.0,8.0,256,6.67,Fluid AMOLED,60.0,48,3,OnePlus,FHD,Snapdragon 855
High,8750000.0,8.0,128,6.55,Fluid AMOLED,90.0,48,3,OnePlus,HD,Snapdragon 865
High,9550000.0,12.0,256,6.55,"Fluid AMOLED, 120Hz, HDR10+",60.0,48,4,OnePlus,HD,Snapdragon 865
Premium,15050000.0,8.0,128,6.78,Super AMOLED,120.0,48,4,OnePlus,FHD,Snapdragon 865
High,12450000.0,12.0,256,6.62,AMOLED,120.0,50,3,OnePlus,HD,Snapdragon 888
High,9350000.0,12.0,256,6.55,Fluid AMOLED,120.0,48,4,OnePlus,HD,Snapdragon 870
High,10950000.0,12.0,256,6.55,"Fluid AMOLED, 120Hz, HDR10+",120.0,50,3,OnePlus,HD,Snapdragon 888
Medium,5950000.0,12.0,512,6.7,OLED,120.0,50,3,OnePlus,HD,Dimensity 8100max
Medium,7550000.0,16.0,512,6.74,AMOLED,120.0,64,3,OnePlus,HD,Dimensity 9000
High,9150000.0,16.0,512,6.74,AMOLED,120.0,50,3,OnePlus,HD,Snapdragon 8 gen 1
High,9850000.0,24.0,1024,6.74,AMOLED,120.0,50,3,OnePlus,HD,Snapdragon 8 gen 2
Medium,6250000.0,16.0,512,6.74,AMOLED,120.0,50,2,OnePlus,HD,Snapdragon 7 gen 3
High,8990000.0,16.0,1024,6.78,LTPO AMOLED,120.0,50,3,OnePlus,HD,Snapdragon 8 gen 2
High,11950000.0,16.0,512,6.78,LTPO AMOLED,120.0,50,3,OnePlus,HD,Snapdragon 8 gen 2
High,11450000.0,24.0,1024,6.78,LTPO AMOLED,120.0,50,3,OnePlus,HD,Snapdragon 8 gen 3
High,9950000.0,16.0,1024,6.78,LTPO AMOLED,120.0,50,2,OnePlus,HD,Dimensity 9300 plus
Medium,7450000.0,16.0,1024,6.74,AMOLED,120.0,50,2,OnePlus,HD,Dimensity 9300
High,8550000.0,16.0,1024,6.78,LTPO AMOLED,120.0,50,3,OnePlus,HD,Snapdragon 8 gen 3
High,10950000.0,16.0,1024,6.78,LTPO AMOLED,120.0,50,3,OnePlus,HD,Snapdragon 8 e
High,9950000.0,16.0,512,6.7,Fluid AMOLED,120.0,50,3,OnePlus,HD,Snapdragon 8 gen 1
High,11590000.0,16.0,256,6.74,Fluid AMOLED,120.0,50,3,OnePlus,HD,Dimensity 9000
High,9950000.0,16.0,128,6.74,Fluid AMOLED,120.0,50,2,OnePlus,HD,Snapdragon 7 gen 3
Medium,7450000.0,8.0,128,6.43,AMOLED,90.0,64,3,OnePlus,HD,Dimensity 900
Medium,7750000.0,12.0,256,6.7,Fluid AMOLED,120.0,50,3,OnePlus,HD,Snapdragon 782g
Medium,5950000.0,8.0,256,6.72,IPS LCD,120.0,108,3,OnePlus,HD,Snapdragon 695
Medium,7750000.0,8.0,256,6.7,Fluid AMOLED,120.0,50,2,OnePlus,HD,Snapdragon 7 gen 3
Medium,6590000.0,8.0,256,6.67,AMOLED,120.0,50,2,OnePlus,HD,Snapdragon 695
Medium,6950000.0,8.0,128,6.72,IPS LCD,120.0,108,3,OnePlus,HD,Snapdragon 695
Premium,32890000.0,16.0,256,7.82,Foldable LTPO3 Flexi-fluid AMOLED | Màn phụ: LTPO3 Super Fluid OLED,120.0,64,3,OnePlus,2K,Snapdragon 8 e
Premium,36890000.0,16.0,512,7.82,Foldable LTPO3 Flexi-fluid AMOLED | Màn phụ: LTPO3 Super Fluid OLED,120.0,64,3,OnePlus,2K,Snapdragon 8 gen 2
Low,1990000.0,3.0,64,6.56,IPS LCD,60.0,8,1,OPPO,HD,Helio G35
Medium,3290000.0,4.0,128,6.56,IPS LCD,90.0,8,2,OPPO,HD,Helio G85
Medium,4790000.0,8.0,128,6.72,LTPS LCD,60.0,50,2,OPPO,HD,Helio G85
Medium,4190000.0,6.0,128,6.56,IPS LCD,90.0,13,2,OPPO,HD,Snapdragon 680
Medium,4690000.0,8.0,128,6.56,IPS LCD,90.0,50,2,OPPO,HD,Snapdragon 680
Medium,3990000.0,8.0,256,6.43,AMOLED,90.0,50,2,OPPO,HD,Snapdragon 680
Medium,5790000.0,8.0,256,6.72,IPS LCD,60.0,64,3,OPPO,HD,Snapdragon 695
Premium,32490000.0,16.0,512,7.82,OLED,120.0,64,3,OPPO,2K,Snapdragon 8 gen 2
High,14490000.0,12.0,256,6.7,AMOLED,120.0,50,3,OPPO,FHD,Snapdragon 8 gen 1
High,13990000.0,8.0,256,6.4,AMOLED,90.0,50,3,OPPO,HD,Dimensity 1300
Medium,7990000.0,8.0,128,6.7,AMOLED,120.0,64,3,OPPO,HD,Dimensity 7050
High,8490000.0,8.0,256,6.7,AMOLED,120.0,64,3,OPPO,HD,Dimensity 7050
Low,2820000.0,3.0,64,6.56,IPS LCD,60.0,8,1,OPPO,HD,Helio G35
Low,2450000.0,4.0,128,6.56,IPS LCD,90.0,8,2,OPPO,HD,Helio G85
Medium,6450000.0,12.0,256,6.7,OLED,120.0,108,2,OPPO,HD,Snapdragon 695
Low,2650000.0,12.0,256,6.56,IPS LCD,90.0,13,1,OPPO,HD,Dimensity 6020
Medium,5990000.0,12.0,512,6.7,AMOLED,120.0,64,2,OPPO,HD,Dimensity 7050
Low,2950000.0,6.0,128,6.56,IPS LCD,90.0,50,2,OPPO,HD,Helio G85
Medium,3250000.0,12.0,256,6.67,IPS LCD,120.0,50,1,OPPO,HD,Dimensity 6300
Low,2700000.0,8.0,512,6.67,IPS LCD,120.0,32,2,OPPO,HD,Dimensity 6300
Medium,3450000.0,6.0,128,6.67,IPS LCD,90.0,8,1,OPPO,HD,Snapdragon 6
Medium,5650000.0,12.0,512,6.7,AMOLED,120.0,50,2,OPPO,HD,Snapdragon 695
Medium,4450000.0,8.0,256,6.67,IPS LCD,90.0,50,1,OPPO,HD,Snapdragon 6
Medium,4680000.0,12.0,512,6.7,AMOLED,120.0,64,2,OPPO,HD,Dimensity 7050
Medium,3650000.0,12.0,256,6.67,IPS LCD,120.0,50,2,OPPO,HD,Dimensity 6300
Low,2150000.0,6.0,128,6.51,IPS LCD,60.0,13,3,OPPO,HD,Helio p35
Medium,3700000.0,4.0,128,6.56,IPS LCD,60.0,13,2,OPPO,HD,Helio G35
Medium,3950000.0,8.0,512,6.72,IPS LCD,60.0,50,2,OPPO,HD,Helio G85
Medium,4650000.0,12.0,512,6.7,AMOLED,120.0,50,2,OPPO,HD,Snapdragon 6 gen 1
Medium,4250000.0,12.0,512,6.67,IPS LCD,90.0,50,2,OPPO,HD,Dimensity 6300
Medium,6950000.0,12.0,512,6.7,AMOLED,120.0,50,2,OPPO,HD,Dimensity 7300
Medium,4750000.0,8.0,256,6.67,IPS LCD,90.0,50,2,OPPO,HD,Snapdragon 680
Medium,4730000.0,6.0,128,6.56,IPS LCD,90.0,13,2,OPPO,HD,Snapdragon 680
Medium,6500000.0,8.0,256,6.43,"AMOLED, 90Hz",90.0,50,2,OPPO,HD,Snapdragon 680
Medium,3950000.0,8.0,128,6.43,Super AMOLED,60.0,48,4,OPPO,HD,Helio p95
Medium,5620000.0,8.0,256,6.59,IPS LCD,90.0,50,2,OPPO,HD,Snapdragon 680
Medium,7200000.0,12.0,256,6.6,"IPS LCD, 90Hz",90.0,48,2,OPPO,HD,Dimensity 810
Low,890000.0,6.0,128,6.53,IPS LCD,60.0,48,2,OPPO,HD,Helio p70
Low,750000.0,6.0,128,6.3,IPS LCD,60.0,16,2,OPPO,HD,Helio p60
Premium,26650000.0,16.0,1024,7.82,Màn hình trong: Foldable LTPO3 OLED | Màn hình ngoài: LTPO3 OLED,120.0,64,3,OPPO,2K,Snapdragon 8 gen 2
Premium,17450000.0,12.0,512,6.8,Foldable LTPO AMOLED | Màn phụ: AMOLED,120.0,50,3,OPPO,HD,Dimensity 9200
Premium,31650000.0,16.0,1024,8.12,Màn hình trong: Foldable LTPO OLED | Màn hình ngoài: LTPO OLED,120.0,50,3,OPPO,2K,Snapdragon 8 e
High,9450000.0,12.0,256,6.55,AMOLED,120.0,50,3,OPPO,HD,Snapdragon 888
Premium,21950000.0,12.0,512,6.7,LTPO2 AMOLED,120.0,50,3,OPPO,FHD,Snapdragon 8 gen 1
Premium,15750000.0,16.0,512,6.74,AMOLED,120.0,50,3,OPPO,HD,Dimensity 9200
Premium,19950000.0,16.0,512,6.82,LTPO3 AMOLED,120.0,50,3,OPPO,FHD,Snapdragon 8 gen 2
High,11950000.0,16.0,1024,6.78,LTPO AMOLED,120.0,64,3,OPPO,HD,Dimensity 9300
Premium,17250000.0,16.0,512,6.82,LTPO AMOLED,120.0,50,4,OPPO,FHD,Snapdragon 8 gen 3
Premium,26790000.0,16.0,1024,6.82,LTPO AMOLED,120.0,50,4,OPPO,FHD,Snapdragon 8 gen 3
High,12990000.0,16.0,256,6.31,AMOLED,120.0,50,3,OPPO,HD,Dimensity 9400
Premium,15450000.0,16.0,1024,6.6,AMOLED,120.0,50,3,OPPO,HD,Dimensity 9400 plus
High,13450000.0,16.0,1024,6.59,AMOLED,120.0,50,3,OPPO,HD,Dimensity 9400
Premium,17950000.0,16.0,1024,6.78,LTPO AMOLED,120.0,50,4,OPPO,HD,Dimensity 9400
Premium,15950000.0,16.0,1024,6.3,AMOLED,120.0,50,3,OPPO,HD,Dimensity 9500
Premium,16950000.0,16.0,1024,6.78,AMOLED,120.0,50,3,OPPO,HD,Dimensity 9500
Premium,19950000.0,16.0,1024,6.78,LTPO AMOLED,120.0,50,4,OPPO,HD,Dimensity 9500
Premium,24950000.0,16.0,1024,6.82,LTPO AMOLED,120.0,50,4,OPPO,FHD,Snapdragon 8 e
Medium,7150000.0,12.0,256,6.59,IPS LCD,120.0,64,3,OPPO,HD,Dimensity 8000 max
High,8950000.0,12.0,256,6.62,OLED,120.0,50,3,OPPO,HD,Snapdragon 888
Medium,4950000.0,12.0,256,6.72,IPS LCD,120.0,108,2,OPPO,HD,Snapdragon 695
Medium,6330000.0,12.0,512,6.7,AMOLED,120.0,50,3,OPPO,HD,Snapdragon 782g
Medium,6350000.0,12.0,512,6.7,AMOLED,120.0,50,2,OPPO,HD,Snapdragon 7 gen 3
High,11550000.0,16.0,512,6.74,OLED,120.0,50,3,OPPO,HD,Dimensity 8200
High,12950000.0,16.0,512,6.74,OLED,120.0,64,3,OPPO,HD,Snapdragon 8 gen 1
Medium,6950000.0,12.0,512,6.7,OLED,120.0,50,3,OPPO,HD,Dimensity 8200
High,8950000.0,8.0,256,6.7,AMOLED,120.0,64,3,OPPO,HD,Dimensity 7050
High,9950000.0,12.0,512,6.74,OLED,120.0,50,3,OPPO,HD,Snapdragon 8 gen 1
Medium,6150000.0,16.0,512,6.7,AMOLED,120.0,50,3,OPPO,HD,Dimensity 8250
High,8350000.0,12.0,256,6.67,AMOLED,120.0,50,3,OPPO,HD,Dimensity 6300
High,12250000.0,16.0,512,6.7,AMOLED,120.0,50,3,OPPO,HD,Dimensity 9200
High,8950000.0,16.0,1024,6.59,AMOLED,120.0,50,2,OPPO,HD,Dimensity 8350
Medium,7990000.0,12.0,256,6.67,AMOLED,120.0,50,3,OPPO,HD,Snapdragon 6 gen 1
Medium,6990000.0,8.0,256,6.67,AMOLED,120.0,50,3,OPPO,HD,Helio G100
High,11950000.0,16.0,1024,6.83,AMOLED,120.0,50,3,OPPO,HD,Dimensity 8350
High,9750000.0,8.0,128,6.43,AMOLED,90.0,64,3,OPPO,HD,Dimensity 900
Medium,7550000.0,8.0,256,6.4,AMOLED,60.0,64,3,OPPO,HD,Dimensity 800
High,9450000.0,8.0,256,6.43,AMOLED,90.0,64,3,OPPO,HD,Dimensity 900
Premium,17450000.0,12.0,256,6.5,AMOLED,90.0,50,3,OPPO,HD,Dimensity 1200 max
Medium,7950000.0,8.0,128,6.43,OLED,60.0,64,3,OPPO,HD,Snapdragon 695
Medium,7080000.0,8.0,256,6.4,AMOLED,90.0,50,3,OPPO,HD,Dimensity 1300
High,12950000.0,12.0,256,6.7,AMOLED,120.0,50,3,OPPO,HD,Dimensity 8100max
Medium,6950000.0,12.0,256,6.7,OLED,120.0,108,3,OPPO,HD,Snapdragon 695
High,9250000.0,12.0,256,6.7,AMOLED,120.0,64,2,OPPO,HD,Snapdragon 778g
High,12750000.0,16.0,512,6.7,AMOLED,120.0,50,2,OPPO,HD,Dimensity 8100max
High,14550000.0,16.0,512,6.7,AMOLED,120.0,50,3,OPPO,HD,Snapdragon 8 gen 1
High,9050000.0,8.0,256,6.5,AMOLED,60.0,48,4,OPPO,HD,Snapdragon 730g
Medium,7500000.0,8.0,128,6.5,Amoled,90.0,48,4,OPPO,HD,Snapdragon 765g
High,8450000.0,8.0,256,6.67,OLED,120.0,64,3,Xiaomi,HD,Dimensity 1200
Medium,7790000.0,8.0,256,6.7,AMOLED,120.0,100,2,Realme,HD,Dimensity 7050
Medium,4590000.0,8.0,128,6.4,Super AMOLED,90.0,108,2,Realme,HD,Helio G99
Low,2390000.0,4.0,128,6.74,IPS LCD,90.0,50,2,Realme,HD,Unisoc t612
Medium,3750000.0,8.0,256,6.74,IPS LCD,90.0,50,1,Realme,HD,Tiger t612
Medium,3480000.0,6.0,128,6.72,IPS LCD,90.0,64,2,Realme,HD,Helio G88
Medium,4250000.0,8.0,256,6.6,IPS LCD,90.0,50,1,Realme,HD,Dimensity 810
Medium,3950000.0,8.0,256,6.6,IPS LCD,90.0,50,2,Realme,HD,Dimensity 700
Medium,3950000.0,12.0,256,6.72,IPS LCD,120.0,108,2,Realme,HD,Snapdragon 695
Medium,4750000.0,12.0,256,6.7,AMOLED,120.0,108,3,Realme,HD,Dimensity 1080
Medium,7950000.0,8.0,256,6.4,Super AMOLED,90.0,108,2,Realme,HD,Helio G99
Medium,3250000.0,12.0,256,6.43,Super AMOLED,90.0,64,2,Realme,HD,Dimensity 6020
Medium,5950000.0,12.0,512,6.7,AMOLED,120.0,100,2,Realme,HD,Dimensity 7050
Medium,7150000.0,12.0,1024,6.7,AMOLED,120.0,200,3,Realme,HD,Dimensity 7050
Medium,4850000.0,12.0,512,6.67,IPS LCD,120.0,50,2,Realme,HD,Dimensity 6100
Medium,4490000.0,8.0,128,6.72,IPS LCD,120.0,108,2,Realme,HD,Dimensity 6100
Medium,5550000.0,8.0,256,6.72,IPS LCD,90.0,108,2,Realme,HD,Snapdragon 685
Medium,5950000.0,8.0,256,6.67,AMOLED,120.0,50,3,Realme,HD,Dimensity 7050
Medium,5450000.0,12.0,256,6.7,AMOLED,120.0,50,3,Realme,HD,Snapdragon 6 gen 1
High,8950000.0,12.0,256,6.7,AMOLED,120.0,64,3,Realme,HD,Snapdragon 7
Medium,5350000.0,8.0,256,6.72,IPS LCD,120.0,50,1,Realme,HD,Dimensity 6300
Medium,6850000.0,12.0,256,6.67,AMOLED,120.0,50,1,Realme,HD,Dimensity 7300
Medium,5250000.0,12.0,256,6.67,AMOLED,120.0,50,1,Realme,HD,Dimensity 7300
Medium,7350000.0,12.0,512,6.7,AMOLED,120.0,50,2,Realme,HD,Snapdragon 7
Medium,6950000.0,12.0,512,6.7,AMOLED,120.0,50,3,Realme,HD,Snapdragon 7
Medium,4490000.0,8.0,128,6.67,IPS LCD,120.0,50,1,Realme,HD,Dimensity 6300
Medium,3950000.0,12.0,256,6.72,IPS LCD,120.0,50,1,Realme,HD,Dimensity 7025 ultra
Medium,7350000.0,12.0,256,6.77,OLED,120.0,50,2,Realme,HD,Dimensity 7300
Medium,4550000.0,12.0,512,6.72,AMOLED,120.0,50,2,Realme,HD,Snapdragon 7
High,8250000.0,12.0,512,6.83,OLED,120.0,50,3,Realme,HD,Snapdragon 7
Medium,3850000.0,4.0,64,6.3,IPS LCD,60.0,16,2,Realme,HD,Snapdragon 710
Medium,6600000.0,4.0,64,6.5,IPS LCD,90.0,64,3,Realme,HD,Helio G90
Medium,6600000.0,6.0,64,6.6,IPS LCD,90.0,64,4,Realme,HD,Snapdragon 720g
Medium,5450000.0,8.0,128,6.4,Super AMOLED,90.0,108,3,Realme,HD,Snapdragon 680
High,9450000.0,8.0,256,6.4,Super AMOLED,90.0,50,3,Realme,HD,Dimensity 920
Medium,6450000.0,8.0,128,6.6,IPS LCD,120.0,64,3,Realme,HD,Snapdragon 695
Low,2450000.0,4.0,64,6.52,IPS LCD,60.0,8,1,Realme,HD,Sc9863a 8 
Low,2250000.0,3.0,32,6.5,IPS LCD,60.0,8,1,Realme,HD,Tiger t612 8
Low,2020000.0,4.0,64,6.5,IPS LCD,60.0,8,1,Realme,HD,Sc9863a 8 
Low,2750000.0,4.0,128,6.5,IPS LCD,60.0,50,2,Realme,HD,Tiger t612 8
Medium,3250000.0,6.0,128,6.6,IPS LCD,60.0,50,3,Realme,HD,Tiger t616 8
Low,2750000.0,6.0,128,6.74,IPS LCD,90.0,50,2,Realme,HD,Tiger t612 8
Medium,3015000.0,4.0,64,6.7,IPS LCD,90.0,50,2,Realme,HD,Tiger t612 8
Medium,4250000.0,6.0,128,6.74,IPS LCD,90.0,50,1,Realme,HD,Tiger t612 8
Medium,4050000.0,8.0,256,6.72,IPS LCD,90.0,64,2,Realme,HD,Helio G88
Medium,3150000.0,8.0,256,6.75,IPS LCD,90.0,50,1,Realme,HD,Tiger t612 8
Medium,3150000.0,6.0,128,6.67,IPS LCD,120.0,50,1,Realme,HD,Dimensity 6300
Medium,3650000.0,8.0,256,6.72,IPS LCD,90.0,50,1,Realme,HD,Helio G85
Medium,4150000.0,8.0,256,6.72,IPS LCD,90.0,108,2,Realme,HD,Snapdragon 685
Medium,3850000.0,6.0,128,6.72,IPS LCD,120.0,50,2,Realme,HD,Dimensity 6100
Medium,6450000.0,8.0,512,6.72,IPS LCD,90.0,50,1,Realme,HD,Helio G92 MAX
Premium,15450000.0,16.0,1024,6.74,AMOLED,144.0,50,3,Realme,HD,Snapdragon 8 gen 1
High,9150000.0,24.0,1024,6.74,AMOLED,144.0,50,3,Realme,HD,Snapdragon 8 gen 2
High,11550000.0,16.0,1024,6.78,AMOLED,144.0,50,3,Realme,HD,Snapdragon 8 gen 3
High,8450000.0,16.0,512,6.78,LTPO AMOLED,120.0,50,2,Realme,HD,Snapdragon 8 gen 3
High,11450000.0,16.0,512,6.78,LTPO AMOLED,120.0,50,2,Realme,HD,Snapdragon 8 e
High,12650000.0,16.0,1024,6.78,LTPO AMOLED,120.0,50,3,Realme,HD,Snapdragon 8 e
High,10850000.0,16.0,512,6.78,LTPO AMOLED (Samsung),120.0,50,2,Realme,HD,Snapdragon 8 e
Premium,15450000.0,16.0,1024,6.78,LTPO AMOLED,120.0,50,3,Realme,FHD,Snapdragon 8 e
High,8250000.0,12.0,256,6.62,AMOLED,120.0,50,3,Realme,HD,Snapdragon 888
High,8450000.0,12.0,256,6.7,OLED,120.0,50,3,Realme,HD,Snapdragon 8 gen 1
Premium,15450000.0,12.0,256,6.7,LTPO AMOLED,120.0,50,3,Realme,FHD,Snapdragon 8 gen 1
Medium,6450000.0,12.0,512,6.7,LTPO AMOLED,120.0,50,3,Realme,FHD,Snapdragon 8 gen 1
High,8150000.0,12.0,256,6.43,Super AMOLED,120.0,64,3,Realme,HD,Snapdragon 888
High,9550000.0,12.0,128,6.78,LTPO AMOLED,120.0,50,2,Realme,HD,Snapdragon 7 gen 3
Medium,6450000.0,12.0,512,6.78,LTPO AMOLED,120.0,50,2,Realme,HD,Dimensity 8400 max
Medium,6950000.0,8.0,256,6.43,Super AMOLED,120.0,64,3,Realme,HD,Snapdragon 778g
Medium,6250000.0,8.0,128,6.43,"Super AMOLED, 120Hz",120.0,64,3,Realme,HD,Dimensity 1200
Medium,4950000.0,12.0,256,6.43,Super AMOLED,120.0,64,3,Realme,HD,Dimensity 1200
Medium,5650000.0,8.0,256,6.62,AMOLED,120.0,64,3,Realme,HD,Snapdragon 870
Medium,5450000.0,12.0,256,6.7,AMOLED,120.0,50,3,Realme,HD,Dimensity 8100
Medium,5650000.0,12.0,256,6.7,AMOLED,120.0,50,3,Realme,HD,Dimensity 8100
Medium,6550000.0,16.0,512,6.74,AMOLED,144.0,50,3,Realme,HD,Snapdragon 8 gen 1
Medium,5620000.0,12.0,256,6.74,OLED,144.0,64,3,Realme,HD,Snapdragon 7 gen 1
High,9950000.0,16.0,1024,6.74,AMOLED,144.0,50,3,Realme,HD,Snapdragon 8 gen 2
Medium,5550000.0,16.0,1024,6.74,OLED,144.0,64,3,Realme,HD,Snapdragon 7 gen 2
High,9450000.0,16.0,1024,6.74,AMOLED,144.0,50,3,Realme,HD,Snapdragon 8 gen 1
Medium,6950000.0,16.0,1024,6.78,LTPO AMOLED,120.0,50,2,Realme,HD,Snapdragon 8
Medium,5750000.0,16.0,512,6.78,LTPO AMOLED,120.0,50,2,Realme,HD,Snapdragon 7 gen 3
Medium,6750000.0,8.0,128,6.43,"Super AMOLED, 120Hz",120.0,64,3,Realme,HD,Dimensity 1200
Medium,3150000.0,4.0,128,6.58,IPS LCD,60.0,50,3,Realme,HD,Tiger t612 8
Low,2600000.0,4.0,64,6.5,IPS LCD,60.0,8,1,Realme,HD,Sc9863a 8 
Medium,4450000.0,6.0,128,6.6,IPS LCD,120.0,50,3,Realme,HD,Helio G96
Medium,3760000.0,6.0,128,6.72,IPS LCD,120.0,50,2,Realme,HD,Dimensity 6100
Medium,5150000.0,8.0,256,6.43,Super AMOLED,90.0,64,2,Realme,HD,Dimensity 6020
Medium,6880000.0,12.0,1024,6.7,AMOLED,120.0,100,2,Realme,HD,Dimensity 7050
Medium,3650000.0,6.0,128,6.72,IPS LCD,120.0,50,2,Realme,HD,Dimensity 6100
Medium,4650000.0,8.0,128,6.67,AMOLED,120.0,50,2,Realme,HD,Dimensity 7050
Medium,5690000.0,8.0,256,6.67,AMOLED,120.0,50,3,Realme,HD,Dimensity 7050
Medium,4950000.0,12.0,256,6.67,OLED,120.0,50,2,Realme,HD,Dimensity 7300
Medium,3250000.0,6.0,128,6.67,IPS LCD,120.0,50,1,Realme,HD,Dimensity 6300
Medium,4450000.0,12.0,512,6.67,AMOLED,120.0,50,1,Realme,HD,Snapdragon 6 gen 4
Medium,7950000.0,16.0,1024,6.78,LTPO AMOLED,120.0,50,2,Realme,HD,Dimensity 9300 plus
Medium,6650000.0,16.0,512,6.78,LTPO OLED,120.0,50,2,Realme,HD,Dimensity 8400 max
Low,2290000.0,4.0,128,6.74,IPS LCD,90.0,13,2,Realme,HD,Tiger t612 8
Low,2650000.0,4.0,64,6.74,IPS LCD,90.0,8,1,Realme,HD,Tiger t612 8
Low,2250000.0,8.0,256,6.74,IPS LCD,90.0,32,1,Realme,HD,Tiger t612 8
Medium,4850000.0,8.0,256,6.67,AMOLED,120.0,50,2,Realme,HD,Dimensity 7050
Medium,4650000.0,8.0,256,6.7,AMOLED,120.0,50,2,Realme,HD,Snapdragon 6 gen 1
Medium,4850000.0,12.0,512,6.7,OLED,120.0,50,2,Realme,HD,Snapdragon 7
Medium,5050000.0,8.0,256,6.67,AMOLED,120.0,50,2,Realme,HD,Snapdragon 6 gen 4
Medium,7050000.0,12.0,256,6.83,AMOLED,120.0,50,2,Realme,HD,Snapdragon 7
Medium,3550000.0,4.0,128,6.5,IPS LCD,60.0,13,3,Realme,HD,Dimensity 720
Low,2550000.0,6.0,128,6.5,IPS LCD,120.0,48,3,Realme,HD,Dimensity 800
Medium,5250000.0,8.0,256,6.4,"Super AMOLED, 600 nits (peak)",60.0,48,4,Realme,HD,Dimensity 800
Medium,3650000.0,6.0,128,6.5,"IPS LCD, 90Hz, 600 nits",90.0,48,3,Realme,HD,Dimensity 700
Medium,4650000.0,8.0,256,6.6,IPS LCD,144.0,48,3,Realme,HD,Snapdragon 778g
Medium,3450000.0,8.0,128,6.5,IPS LCD,120.0,48,3,Realme,HD,Snapdragon 750g
Medium,5750000.0,8.0,256,6.43,Super AMOLED,120.0,64,3,Realme,HD,Dimensity 1100
Medium,5850000.0,8.0,128,6.43,Super AMOLED,120.0,64,3,Realme,HD,Snapdragon 768g
Medium,4450000.0,6.0,128,6.58,IPS LCD,90.0,13,2,Realme,HD,Dimensity 810
Medium,3450000.0,8.0,256,6.6,IPS LCD,120.0,50,3,Realme,HD,Snapdragon 695
Medium,3650000.0,8.0,256,6.62,AMOLED,120.0,64,3,Realme,HD,Snapdragon 870
Medium,3650000.0,4.0,128,6.3,IPS LCD,60.0,48,4,Realme,HD,Snapdragon 712
Medium,5150000.0,6.0,128,6.5,IPS LCD,60.0,13,2,Realme,HD,Dimensity 700
Medium,4750000.0,8.0,128,6.4,"Super AMOLED, 430 nits (typ), 600 nits (peak)",60.0,64,3,Realme,HD,Dimensity 800
Medium,7450000.0,12.0,256,6.6,IPS LCD,120.0,64,3,Realme,HD,Snapdragon 695
Medium,3650000.0,8.0,128,6.5,IPS LCD,60.0,13,3,Realme,HD,Dimensity 720
Low,2650000.0,8.0,256,6.72,IPS LCD,120.0,13,2,Realme,HD,Dimensity 6100
Medium,4950000.0,8.0,128,6.5,IPS LCD,90.0,48,4,Realme,HD,Dimensity 720
Low,2750000.0,8.0,256,6.67,IPS LCD,120.0,32,1,Realme,HD,Dimensity 6300
Medium,5150000.0,12.0,512,6.67,IPS LCD,120.0,50,1,Realme,HD,Dimensity 6300
Low,2950000.0,8.0,256,6.67,IPS LCD,120.0,32,1,Realme,HD,Dimensity 6300
Medium,4650000.0,6.0,64,6.4,Super AMOLED,60.0,64,4,Realme,HD,Snapdragon 730g
Medium,7450000.0,64.0,64,6.5,Super AMOLED,60.0,64,4,Realme,HD,Snapdragon 855
Medium,5450000.0,6.0,128,6.57,IPS LCD,120.0,48,4,Realme,HD,Snapdragon 765g
Medium,5000000.0,6.0,256,6.57,IPS LCD,120.0,64,4,Realme,HD,Snapdragon 765g
Medium,5750000.0,6.0,128,6.67,IPS LCD,120.0,64,4,Realme,HD,Snapdragon 765g
High,12050000.0,6.0,128,6.44,Super AMOLED,60.0,64,3,Realme,HD,Snapdragon 865
Medium,5450000.0,8.0,128,6.4,AMOLED,180.0,64,4,Realme,HD,Dimensity 800
Medium,6450000.0,8.0,256,6.55,Super AMOLED,120.0,64,4,Realme,HD,Dimensity 1000
Medium,3750000.0,4.0,64,6.53,AMOLED,60.0,48,2,Realme,HD,Snapdragon 710
Medium,3250000.0,4.0,64,6.3,IPS LCD,60.0,16,2,Realme,HD,Snapdragon 710
Low,2790000.0,4.0,128,6.7,IPS LCD,60.0,50,2,Samsung,HD,Helio G85
Medium,4190000.0,4.0,128,6.6,PLS TFT LCD,60.0,50,4,Samsung,HD,Exynos 850 8
Medium,4200000.0,4.0,128,6.6,IPS LCD,90.0,50,3,Samsung,HD,Dimensity 700
Medium,4290000.0,8.0,128,6.5,Super AMOLED,90.0,50,3,Samsung,HD,G9 9
Medium,4150000.0,4.0,128,6.6,IPS LCD,60.0,50,4,Samsung,HD,Snapdragon 695
Medium,3600000.0,4.0,128,6.6,PLS TFT LCD,90.0,50,4,Samsung,HD,Snapdragon 680
Medium,5390000.0,6.0,128,6.5,Super AMOLED,120.0,50,3,Samsung,HD,Exynos 1280 8
Medium,6490000.0,6.0,128,6.4,Super AMOLED,90.0,64,4,Samsung,HD,Helio G80
Medium,7290000.0,6.0,128,6.4,Super AMOLED,90.0,48,4,Samsung,HD,Exynos 1280 8
Medium,7090000.0,8.0,128,6.6,Super AMOLED,120.0,48,3,Samsung,HD,Dimensity 1080
Medium,6790000.0,8.0,128,6.6,Super AMOLED,120.0,50,3,Samsung,HD,Exynos 1380
Medium,7990000.0,8.0,64,6.5,Super AMOLED,60.0,48,3,Samsung,HD,Exynos 9611 8
High,10990000.0,8.0,128,6.5,Super AMOLED,120.0,64,4,Samsung,HD,Snapdragon 778g
Medium,7890000.0,8.0,256,6.4,Super AMOLED,120.0,50,3,Samsung,HD,Exynos 1380
Medium,7390000.0,8.0,128,6.4,Super AMOLED,120.0,50,3,Samsung,HD,Exynos 1380
High,8490000.0,8.0,128,6.6,Super AMOLED,120.0,50,3,Samsung,HD,Exynos 1480 4
High,12990000.0,8.0,256,6.7,Super AMOLED Plus,120.0,108,4,Samsung,HD,Snapdragon 778g
Medium,4490000.0,4.0,128,6.6,PLS LCD,90.0,50,3,Samsung,HD,Exynos 1330
Medium,5890000.0,8.0,128,6.5,Super AMOLED,120.0,50,3,Samsung,HD,Exynos 1280
Premium,26990000.0,12.0,256,6.8,Dynamic AMOLED QHD+ Infinity-O,60.0,16,3,Samsung,FHD,Exynos 9825
High,13800000.0,8.0,256,6.3,Dynamic AMOLED FHD+ Infinity-O,60.0,16,3,Samsung,HD,Exynos 9825
Premium,32990000.0,12.0,256,6.9,Dynamic AMOLED,90.0,108,3,Samsung,FHD,Exynos 990
High,8800000.0,8.0,128,6.4,Dynamic AMOLED 2X,120.0,12,3,Samsung,HD,Exynos 2100
High,8110000.0,8.0,256,6.4,Dynamic AMOLED 2X,120.0,12,3,Samsung,HD,Exynos 2100
High,11690000.0,6.0,128,6.4,Dynamic AMOLED 2X,120.0,12,3,Samsung,HD,Exynos 2100
Premium,28990000.0,8.0,256,6.7,Dynamic AMOLED,60.0,64,3,Samsung,HD,Exynos 2100 8
Premium,25990000.0,8.0,128,6.7,Dynamic AMOLED,60.0,64,3,Samsung,HD,Exynos 2100 8
Premium,30990000.0,12.0,128,6.8,Dynamic AMOLED 2X,120.0,108,4,Samsung,FHD,Exynos 2100 8
High,14790000.0,8.0,256,6.1,Dynamic AMOLED 2X,120.0,50,3,Samsung,HD,Snapdragon 8 gen 1
Premium,16990000.0,8.0,256,6.6,Dynamic AMOLED 2X,120.0,50,3,Samsung,HD,Snapdragon 8 gen 1
Premium,16990000.0,8.0,128,6.6,Dynamic AMOLED 2X,120.0,50,3,Samsung,HD,Snapdragon 8 gen 1
Premium,18990000.0,12.0,256,6.8,Dynamic AMOLED 2X,120.0,108,4,Samsung,FHD,Snapdragon 8 gen 1
Premium,36990000.0,12.0,512,6.8,Dynamic AMOLED 2X,120.0,108,4,Samsung,FHD,Snapdragon 8 gen 1
Premium,30990000.0,8.0,128,6.8,Dynamic AMOLED 2X,120.0,108,4,Samsung,FHD,Snapdragon 8 gen 1
High,13790000.0,8.0,128,6.1,Dynamic AMOLED 2X,120.0,50,3,Samsung,HD,Snapdragon 8 gen 2
High,14890000.0,8.0,128,6.4,Dynamic AMOLED 2X,120.0,50,3,Samsung,HD,Exynos 2200 8
Premium,19990000.0,8.0,256,6.6,Dynamic AMOLED 2X,120.0,50,3,Samsung,HD,Snapdragon 8 gen 2
Premium,22290000.0,12.0,512,6.8,Dynamic AMOLED 2X,120.0,200,4,Samsung,FHD,Snapdragon 8 gen 2
Premium,19490000.0,8.0,256,6.8,Dynamic AMOLED 2X,120.0,200,4,Samsung,FHD,Snapdragon 8 gen 2
Premium,24990000.0,8.0,256,6.1,Dynamic AMOLED 2X,120.0,50,3,Samsung,HD,Snapdragon 8 gen 2
Premium,21190000.0,12.0,512,6.7,Dynamic AMOLED 2X,120.0,50,3,Samsung,FHD,Exynos 2400
Premium,18990000.0,12.0,256,6.7,Dynamic AMOLED 2X,120.0,50,3,Samsung,FHD,Exynos 2400
Premium,44490000.0,12.0,1024,6.8,Dynamic AMOLED 2X,120.0,200,4,Samsung,FHD,Snapdragon 8 gen 3
Premium,28590000.0,12.0,512,6.8,Dynamic AMOLED 2X,120.0,200,4,Samsung,FHD,Snapdragon 8 gen 3
Premium,22990000.0,12.0,256,6.8,Dynamic AMOLED 2X,120.0,200,4,Samsung,FHD,Snapdragon 8 gen 3
Premium,16790000.0,8.0,256,6.2,Dynamic AMOLED 2X,120.0,50,3,Samsung,HD,Exynos 2400
Premium,24990000.0,8.0,128,6.7,Dynamic AMOLED 2X,120.0,12,2,Samsung,HD,Snapdragon 888
Premium,25990000.0,8.0,256,6.7,Dynamic AMOLED 2X,120.0,12,2,Samsung,HD,Snapdragon 8 gen 1
High,11190000.0,8.0,128,6.7,Dynamic AMOLED 2X,120.0,12,2,Samsung,HD,Snapdragon 8 gen 1
Premium,25990000.0,8.0,256,6.7,Dynamic AMOLED 2X,120.0,12,2,Samsung,HD,Snapdragon 8 gen 2
Premium,26990000.0,12.0,512,6.7,Dynamic AMOLED 2X,120.0,50,2,Samsung,HD,Snapdragon 8 gen 3
Premium,22490000.0,12.0,256,6.7,Dynamic AMOLED 2X,120.0,50,2,Samsung,HD,Snapdragon 8 gen 3
Premium,41990000.0,12.0,256,7.6,Dynamic AMOLED 2X,120.0,12,4,Samsung,FHD,Snapdragon 888
Premium,24490000.0,12.0,512,7.6,Dynamic AMOLED 2X,120.0,50,3,Samsung,FHD,Snapdragon 8 plus
Premium,27990000.0,12.0,256,7.6,Dynamic AMOLED 2X,120.0,50,3,Samsung,FHD,Snapdragon 8 gen 2
Premium,29990000.0,12.0,512,7.6,Dynamic AMOLED 2X,120.0,50,3,Samsung,FHD,Snapdragon 8 gen 2
Premium,45990000.0,12.0,1024,7.6,Dynamic AMOLED 2X,120.0,50,3,Samsung,FHD,Snapdragon 8 gen 3
Premium,40990000.0,12.0,512,7.6,Dynamic AMOLED 2X,120.0,50,3,Samsung,FHD,Snapdragon 8 gen 3
Premium,37990000.0,12.0,256,7.6,Dynamic AMOLED 2X,120.0,50,3,Samsung,FHD,Snapdragon 8 gen 3
Low,2100000.0,2.0,32,6.5,PLS LCD,60.0,13,3,Samsung,HD,Helio p35
Low,1810000.0,2.0,32,6.5,PLS LCD,60.0,8,1,Samsung,HD,Sc9863a 8 
Low,2120000.0,8.0,128,6.5,PLS LCD,60.0,50,2,Samsung,HD,Helio p35
Low,2220000.0,4.0,128,6.5,PLS LCD,60.0,13,2,Samsung,HD,Helio p35
Low,2950000.0,4.0,128,6.5,PLS LCD,90.0,50,3,Samsung,HD,Exynos 850 8
Low,2750000.0,6.0,128,6.7,PLS LCD,60.0,50,3,Samsung,HD,Snapdragon 680
Low,2250000.0,6.0,128,6.7,PLS LCD,60.0,50,2,Samsung,HD,Helio G85
Medium,3450000.0,3.0,32,6.2,PLS LCD,60.0,13,2,Samsung,HD,Helio p22
Medium,3450000.0,6.0,128,6.5,IPS LCD,60.0,48,4,Samsung,HD,Helio p35
Low,2900000.0,4.0,64,6.5,"Super AMOLED, 90Hz",90.0,50,3,Samsung,HD,Dimensity 700
Medium,3050000.0,6.0,128,6.6,PLS LCD,60.0,50,4,Samsung,HD,Exynos 850 8
Medium,4360000.0,8.0,128,6.6,PLS LCD,90.0,50,3,Samsung,HD,Dimensity 700
Medium,4250000.0,8.0,128,6.5,Super AMOLED,90.0,50,3,Samsung,HD,Dimensity 6100 plus
Medium,4250000.0,8.0,256,6.5,Super AMOLED,90.0,50,3,Samsung,HD,Helio G99
Medium,5990000.0,8.0,256,6.7,Super AMOLED,90.0,50,3,Samsung,HD,Dimensity 6300
Medium,4790000.0,8.0,256,6.7,Super AMOLED,90.0,50,3,Samsung,HD,Helio G99
Low,2850000.0,3.0,32,6.5,IPS LCD,60.0,13,3,Samsung,HD,Snapdragon 450
Medium,4450000.0,6.0,128,6.4,Super AMOLED,90.0,48,4,Samsung,HD,Helio G80
Medium,4300000.0,8.0,128,6.6,PLS LCD,90.0,50,4,Samsung,HD,Snapdragon 680
Medium,4950000.0,8.0,256,6.7,Super AMOLED,120.0,50,3,Samsung,HD,Exynos 1380 8
Medium,4500000.0,8.0,128,6.5,TFT LCD,60.0,48,4,Samsung,HD,Dimensity 720
Medium,5530000.0,8.0,256,6.4,Super AMOLED,90.0,48,4,Samsung,HD,Exynos 1280 5
Medium,7450000.0,8.0,256,6.6,Super AMOLED,120.0,48,3,Samsung,HD,Dimensity 1080
Medium,6950000.0,8.0,256,6.6,Super AMOLED,120.0,50,3,Samsung,HD,Exynos 1380 8
Medium,6950000.0,12.0,256,6.7,Super AMOLED,120.0,50,3,Samsung,HD,Snapdragon 6 gen 3
Medium,3450000.0,6.0,128,6.4,Super AMOLED,60.0,48,3,Samsung,HD,Exynos 9611 8
High,10200000.0,8.0,256,6.5,Super AMOLED,120.0,64,4,Samsung,HD,Snapdragon 778g
Medium,7950000.0,8.0,128,6.5,Super AMOLED,120.0,64,4,Samsung,HD,Exynos 1280 8
Medium,6950000.0,8.0,256,6.4,Super AMOLED,120.0,50,3,Samsung,HD,Exynos 1380 8
Medium,7950000.0,12.0,256,6.6,Super AMOLED,120.0,50,3,Samsung,HD,Exynos 1480 8
Medium,7850000.0,12.0,256,6.7,Super AMOLED,120.0,50,3,Samsung,HD,Exynos 1580 8
High,9250000.0,8.0,256,6.7,Super AMOLED+,120.0,108,4,Samsung,HD,Snapdragon 778g
High,14300000.0,6.0,128,6.7,"Dynamic AMOLED 2X, 120Hz",120.0,64,3,Samsung,FHD,Snapdragon 855
Medium,7050000.0,12.0,256,6.7,Super AMOLED+,120.0,50,3,Samsung,HD,Snapdragon 7 gen 1
High,8450000.0,8.0,256,6.7,Super AMOLED Plus,120.0,108,3,Samsung,HD,Exynos 1380 8
Medium,3700000.0,4.0,128,6.5,PLS IPS,90.0,48,4,Samsung,HD,Exynos 850 8
Medium,4990000.0,4.0,128,6.6,PLS LCD,90.0,50,3,Samsung,HD,Exynos 1330 8
Medium,4990000.0,8.0,256,6.5,Super AMOLED,90.0,50,3,Samsung,HD,Dimensity 6300
Medium,4300000.0,6.0,128,6.4,Super AMOLED,90.0,48,4,Samsung,HD,Helio G80
Medium,5350000.0,4.0,64,6.4,Super AMOLED,60.0,48,3,Samsung,HD,Exynos 9611
Medium,3700000.0,8.0,128,6.4,Super AMOLED,90.0,64,4,Samsung,HD,Helio G80
Medium,5550000.0,8.0,128,6.5,Super AMOLED,120.0,50,3,Samsung,HD,Exynos 1280 8
High,11990000.0,8.0,256,6.6,Super AMOLED,120.0,50,3,Samsung,HD,Exynos 1380 8
Medium,6950000.0,8.0,128,6.5,Super AMOLED,120.0,50,3,Samsung,HD,Snapdragon 888
Medium,5350000.0,8.0,128,6.7,Super AMOLED Plus,60.0,64,4,Samsung,HD,Snapdragon 730g
Medium,6450000.0,8.0,128,6.7,Super AMOLED Plus,120.0,64,3,Samsung,HD,Snapdragon 778g
Medium,4450000.0,8.0,256,6.7,Super AMOLED Plus,120.0,108,3,Samsung,HD,Exynos 1380 8
High,9950000.0,8.0,256,6.7,Super AMOLED Plus,120.0,50,3,Samsung,HD,Snapdragon 7 gen 1
Medium,6950000.0,8.0,256,6.5,Super AMOLED,120.0,12,3,Samsung,HD,Snapdragon 865
High,8450000.0,8.0,256,6.4,Dynamic AMOLED 2X,120.0,12,3,Samsung,HD,Exynos 2100 8
Premium,25450000.0,16.0,512,6.8,Dynamic AMOLED 2X,120.0,108,4,Samsung,FHD,Exynos 2100 8
Premium,15650000.0,8.0,256,6.1,Dynamic AMOLED 2X,120.0,50,3,Samsung,HD,Snapdragon 8 gen 1
Premium,18450000.0,12.0,1024,6.8,Dynamic AMOLED 2X,120.0,108,4,Samsung,FHD,Snapdragon 8 gen1
High,14450000.0,8.0,128,6.1,Dynamic AMOLED 2X,120.0,50,3,Samsung,HD,Snapdragon 8 gen 2
High,10950000.0,8.0,256,6.4,Dynamic AMOLED 2X,120.0,50,3,Samsung,HD,Exynos 2200 8
Premium,17450000.0,8.0,512,6.6,Dynamic AMOLED 2X,120.0,50,3,Samsung,HD,Snapdragon 8 gen 2
Premium,19250000.0,12.0,1024,6.8,Dynamic AMOLED 2X,120.0,200,4,Samsung,FHD,Snapdragon 8 gen 2
Premium,16950000.0,8.0,512,6.2,Dynamic LTPO AMOLED 2X,120.0,50,3,Samsung,HD,Exynos 2400 10
Premium,16950000.0,8.0,512,6.7,Dynamic AMOLED 2X,120.0,50,3,Samsung,HD,Exynos 2400
Premium,18950000.0,12.0,512,6.7,Dynamic LTPO AMOLED 2X,120.0,50,3,Samsung,FHD,Exynos 2400 10
Premium,21950000.0,12.0,1024,6.8,Dynamic LTPO AMOLED 2X,120.0,200,4,Samsung,FHD,Snapdragon 8 gen 3
Premium,22950000.0,12.0,512,6.2,Dynamic LTPO AMOLED 2X,120.0,50,3,Samsung,HD,Snapdragon 8 e
Premium,24950000.0,12.0,128,6.7,Dynamic LTPO AMOLED 2X,120.0,200,2,Samsung,HD,Snapdragon 8 e
Premium,26950000.0,12.0,512,6.7,Dynamic LTPO AMOLED 2X,120.0,50,3,Samsung,FHD,Snapdragon 8 e
Premium,25900000.0,12.0,1024,6.9,Dynamic LTPO AMOLED 2X,120.0,200,4,Samsung,FHD,Snapdragon 8 e
Medium,3450000.0,4.0,64,8.7,TFT LCD,60.0,8,1,Samsung,HD,Helio p22
High,14800000.0,8.0,512,6.7,Foldable Dynamic AMOLED 2X | Màn phụ: Super AMOLED,120.0,12,2,Samsung,HD,Snapdragon 8 gen 2
Premium,19950000.0,12.0,512,6.7,Foldable Dynamic LTPO AMOLED 2X | Màn phụ: Super AMOLED,120.0,50,2,Samsung,HD,Snapdragon 8 gen 3
Premium,24950000.0,12.0,512,6.7,Foldable Dynamic LTPO AMOLED 2X | Màn phụ: Super AMOLED,120.0,50,2,Samsung,HD,Exynos 2500
Premium,16950000.0,8.0,512,6.7,Foldable Dynamic LTPO AMOLED 2X | Màn phụ: Super AMOLED,120.0,12,2,Samsung,HD,Exynos 2400
Premium,27250000.0,12.0,1024,7.6,Chính: Foldable Dynamic AMOLED 2X | Phụ: Dynamic AMOLED 2X,120.0,50,3,Samsung,FHD,Snapdragon 8 gen 2
Premium,35950000.0,12.0,1024,7.6,Chính: Foldable Dynamic LTPO AMOLED 2X | Phụ: Dynamic LTPO AMOLED 2X,120.0,50,3,Samsung,FHD,Snapdragon 8 gen 3
Premium,34450000.0,12.0,1024,7.6,Foldable Dynamic LTPO AMOLED 2X,120.0,50,3,Samsung,FHD,Exynos 2500
Premium,51250000.0,16.0,512,8.0,Màn trong: Foldable Dynamic LTPO AMOLED 2X | Màn ngoài: Dynamic LTPO AMOLED 2X,120.0,200,3,Samsung,FHD,Snapdragon 8 gen 3
Low,2950000.0,6.0,256,6.0,OLED,60.0,12,3,Sony,HD,Snapdragon 690
High,10150000.0,8.0,128,6.1,OLED,60.0,48,3,Sony,HD,Snapdragon 6 gen 1
High,11250000.0,8.0,128,6.1,OLED,60.0,48,3,Sony,HD,Snapdragon 695
Premium,16150000.0,12.0,512,6.5,OLED,120.0,12,4,Sony,FHD,Snapdragon 888
Premium,19950000.0,12.0,512,6.5,OLED,120.0,12,4,Sony,FHD,Snapdragon 8 gen 1
Premium,38550000.0,12.0,256,6.5,LTPO OLED,120.0,48,3,Sony,HD,Snapdragon 8 gen 3
Premium,18995000.0,8.0,512,6.1,OLED,120.0,12,3,Sony,HD,Snapdragon 8 gen 1
Premium,25950000.0,8.0,256,6.1,OLED,120.0,48,2,Sony,HD,Snapdragon 8 gen 2
Medium,4990000.0,8.0,256,6.78,AMOLED,120.0,50,2,Tecno,HD,Helio G99
Medium,3890000.0,8.0,256,6.78,LCD,120.0,50,1,Tecno,HD,Helio G99
Medium,3690000.0,8.0,128,6.78,LCD,60.0,50,1,Tecno,HD,Helio G99
Medium,3990000.0,8.0,128,6.78,LCD,120.0,50,1,Tecno,HD,Helio G99
Medium,5890000.0,8.0,256,6.78,AMOLED,120.0,108,1,Tecno,HD,G9 9 
Low,2890000.0,8.0,128,6.78,IPS LCD,60.0,50,1,Tecno,HD,Helio G88
Medium,3390000.0,8.0,256,6.78,AMOLED,120.0,108,2,Tecno,HD,Helio G99
Medium,3050000.0,8.0,128,6.56,IPS LCD,90.0,50,1,Tecno,HD,Helio G85
Medium,4690000.0,8.0,256,6.67,AMOLED,60.0,64,2,Tecno,HD,Helio G85
Medium,4950000.0,8.0,256,6.67,AMOLED,60.0,64,2,Tecno,HD,Helio G85
Medium,6490000.0,8.0,512,6.67,AMOLED,120.0,108,3,Tecno,HD,Dimensity 8050
Medium,5490000.0,8.0,256,6.67,AMOLED,120.0,64,2,Tecno,HD,Helio G99
Medium,3950000.0,8.0,256,6.78,AMOLED,120.0,50,2,Tecno,HD,Helio G100
Premium,15450000.0,8.0,256,6.9,Foldable LTPO AMOLED | Màn phụ: AMOLED,120.0,64,2,Tecno,HD,Dimensity 8050
Medium,7450000.0,8.0,256,6.6,AMOLED,90.0,64,3,Tecno,HD,Dimensity 9000
High,8550000.0,12.0,256,6.8,AMOLED,120.0,50,3,Tecno,HD,Dimensity 9000
Medium,4350000.0,6.0,128,6.9,IPS LCD,90.0,50,3,Tecno,HD,Helio G88
Medium,3850000.0,8.0,128,6.82,IPS LCD,90.0,50,1,Tecno,HD,Helio G99
Medium,4250000.0,8.0,256,6.66,AMOLED,90.0,50,1,Tecno,HD,Helio G99
Medium,3450000.0,8.0,256,6.78,IPS LCD,120.0,50,2,Tecno,HD,Helio G99
Medium,4650000.0,8.0,256,6.78,IPS LCD,120.0,50,2,Tecno,HD,Dimensity 6080
Medium,5650000.0,12.0,256,6.78,AMOLED,120.0,108,2,Tecno,HD,Helio G99
Medium,3950000.0,8.0,256,6.78,IPS LCD,120.0,50,1,Tecno,HD,Helio G99
Medium,3850000.0,8.0,256,6.67,IPS LCD,120.0,108,1,Tecno,HD,Dimensity 6300
Medium,6650000.0,12.0,256,6.78,AMOLED,120.0,108,3,Tecno,HD,Dimensity 6080
Medium,3450000.0,8.0,256,6.8,IPS LCD,90.0,50,1,Tecno,HD,Helio G88
Medium,3950000.0,8.0,128,6.8,IPS LCD,90.0,50,2,Tecno,HD,Helio G88
Low,2450000.0,8.0,128,6.6,IPS LCD,90.0,50,1,Tecno,HD,Mediatek 8 
Low,2250000.0,8.0,256,6.6,IPS LCD,90.0,50,2,Tecno,HD,Helio G85
Low,2550000.0,8.0,256,6.78,IPS LCD,120.0,108,2,Tecno,HD,Helio G99
Medium,4850000.0,8.0,256,6.78,IPS LCD,120.0,108,2,Tecno,HD,Dimensity 6080
Medium,3950000.0,8.0,256,6.78,AMOLED,120.0,108,2,Tecno,HD,Helio G99
Low,2250000.0,8.0,256,6.67,IPS LCD,120.0,50,1,Tecno,HD,Helio G81
Medium,3150000.0,8.0,256,6.78,IPS LCD,90.0,64,1,Tecno,HD,Helio G91 ULTRA
Medium,3550000.0,8.0,256,6.78,AMOLED,120.0,108,1,Tecno,HD,Helio G100
Low,2300000.0,4.0,64,6.52,IPS LCD,60.0,13,1,Tecno,HD,Helio a20
Low,2450000.0,4.0,64,6.6,IPS LCD,90.0,13,1,Tecno,HD,Tiger t606 8
Low,1890000.0,4.0,64,6.56,IPS LCD,60.0,13,1,Tecno,HD,Helio a22
Medium,5690000.0,8.0,128,6.44,AMOLED,90.0,64,3,Vivo,HD,Helio G99
Low,2990000.0,4.0,64,6.51,IPS LCD,60.0,8,1,Vivo,HD,Helio p35
Low,2990000.0,4.0,128,6.51,IPS LCD,60.0,13,2,Vivo,HD,Helio p35
Medium,4290000.0,4.0,128,6.55,IPS LCD,60.0,50,2,Vivo,HD,Snapdragon 680
Medium,4990000.0,8.0,128,6.64,IPS LCD,90.0,50,2,Vivo,HD,Snapdragon 680
High,13050000.0,12.0,512,6.78,AMOLED,120.0,50,3,Vivo,HD,Snapdragon 8 gen 1
High,12450000.0,16.0,1024,6.78,LTPO4 AMOLED,144.0,50,3,Vivo,FHD,Snapdragon 8 gen 2
High,10450000.0,16.0,128,6.78,LTPO4 AMOLED,144.0,50,3,Vivo,FHD,Snapdragon 8 gen 2
Premium,17350000.0,16.0,512,6.78,LTPO4 AMOLED,144.0,50,3,Vivo,FHD,Snapdragon 8 gen 2
High,12950000.0,16.0,1024,6.78,AMOLED,144.0,64,3,Vivo,HD,Snapdragon 8 gen 3
Premium,16850000.0,16.0,1024,6.78,AMOLED,144.0,64,3,Vivo,FHD,Snapdragon 8 gen 3
High,13250000.0,16.0,1024,6.82,LTPO 8T AMOLED,144.0,50,3,Vivo,FHD,Snapdragon 8 e
High,12100000.0,6.0,128,6.41,Super AMOLED,60.0,48,4,Vivo,HD,Snapdragon 865
High,13550000.0,12.0,256,6.56,"AMOLED capacitive touchscreen, 16M colors",120.0,50,3,Vivo,HD,Snapdragon 865
High,12450000.0,12.0,256,6.62,AMOLED,120.0,48,3,Vivo,HD,Snapdragon 888
High,10950000.0,12.0,256,6.56,"AMOLED, 120Hz, HDR10",120.0,50,3,Vivo,HD,Snapdragon 888
Premium,17950000.0,12.0,512,6.78,LTPO AMOLED,120.0,50,3,Vivo,FHD,Snapdragon 888
High,13450000.0,12.0,256,6.78,AMOLED,120.0,50,3,Vivo,HD,Snapdragon 8 gen 1
Premium,19450000.0,12.0,512,6.78,LTPO AMOLED,120.0,50,3,Vivo,FHD,Snapdragon 8 gen1
High,10450000.0,12.0,256,6.62,"AMOLED, 120Hz",120.0,48,3,Vivo,HD,Snapdragon 888
Medium,5050000.0,8.0,128,6.38,Super AMOLED,60.0,12,3,Vivo,HD,Snapdragon 845
Medium,7090000.0,12.0,256,6.78,AMOLED,144.0,50,2,Vivo,HD,Snapdragon 8
High,8950000.0,16.0,1024,6.78,LTPO AMOLED,144.0,50,2,Vivo,HD,Dimensity 9400 plus
Medium,7750000.0,16.0,1024,6.78,LTPO AMOLED,144.0,50,2,Vivo,HD,Snapdragon 8 gen 3
High,9850000.0,16.0,1024,6.78,LTPO AMOLED,144.0,50,2,Vivo,HD,Dimensity 9400
High,8550000.0,16.0,1024,6.78,LTPO OLED,144.0,50,2,Vivo,HD,Snapdragon 8 e
High,12450000.0,16.0,1024,6.78,LTPO OLED,144.0,50,2,Vivo,FHD,Dimensity 9500
Medium,7550000.0,6.0,128,6.57,IPS LCD,144.0,48,3,Vivo,HD,Snapdragon 865
High,9450000.0,12.0,256,6.62,AMOLED,120.0,48,3,Vivo,HD,Snapdragon 888
Medium,7950000.0,12.0,256,6.67,IPS LCD,144.0,50,3,Vivo,HD,Snapdragon 870
Medium,7450000.0,12.0,256,6,OLED,120.0,48,3,Vivo,HD,Snapdragon 870
Medium,6750000.0,12.0,256,6.57,IPS LCD,144.0,48,3,Vivo,HD,Snapdragon 870
High,8450000.0,12.0,256,6.62,AMOLED,120.0,64,3,Vivo,HD,Snapdragon 8 gen 1
Medium,7450000.0,12.0,256,6.62,AMOLED,120.0,64,3,Vivo,HD,Snapdragon 870
High,9850000.0,12.0,256,6.78,AMOLED,120.0,50,3,Vivo,HD,Snapdragon 8 gen 1
Medium,6250000.0,8.0,256,6.38,Super AMOLED,60.0,12,3,Vivo,HD,Snapdragon 855
Medium,5950000.0,16.0,512,6.78,AMOLED,144.0,50,2,Vivo,HD,Snapdragon 8 gen 1
High,9950000.0,16.0,512,6.78,AMOLED,144.0,50,2,Vivo,HD,Dimensity 9200
Medium,7650000.0,16.0,1024,6.78,LTPO AMOLED,144.0,50,2,Vivo,HD,Dimensity 9300
Medium,7950000.0,16.0,1024,6.78,LTPO AMOLED,144.0,50,2,Vivo,HD,Snapdragon 8 gen 3
Medium,6450000.0,16.0,1024,6.78,LTPO AMOLED,144.0,50,2,Vivo,HD,Snapdragon 8 gen 2
High,9650000.0,16.0,1024,6.78,LTPO AMOLED,144.0,50,2,Vivo,HD,Dimensity 9300
High,10550000.0,12.0,256,6.41,Super AMOLED,60.0,48,3,Vivo,HD,Snapdragon 855
Medium,4050000.0,8.0,128,6.53,IPS LCD,60.0,48,3,Vivo,HD,Snapdragon 720g
Medium,3950000.0,12.0,512,6.72,IPS LCD,120.0,50,2,Vivo,HD,Snapdragon 7
Medium,5950000.0,12.0,512,6.78,AMOLED,144.0,50,2,Vivo,HD,Dimensity 8400
Medium,7150000.0,16.0,1024,6.78,AMOLED,144.0,50,2,Vivo,HD,Dimensity 8400
High,8450000.0,16.0,1024,6.78,AMOLED,144.0,50,2,Vivo,HD,Snapdragon 8
Medium,4950000.0,8.0,256,6.57,IPS LCD,120.0,48,3,Vivo,HD,Snapdragon 765g
Medium,6750000.0,8.0,256,6.57,IPS LCD - Tần số 144Hz,144.0,48,3,Vivo,HD,Dimensity 1000
Medium,5550000.0,8.0,256,6.58,"IPS LCD, HDR10, 120Hz",120.0,64,3,Vivo,HD,Snapdragon 768g
Medium,6450000.0,12.0,256,6.67,IPS LCD,120.0,64,3,Vivo,HD,Snapdragon 778g
Medium,3250000.0,8.0,128,6.51,IPS LCD,60.0,13,2,Vivo,HD,Dimensity 6020
Medium,4250000.0,8.0,256,6.64,IPS LCD,120.0,50,2,Vivo,HD,Snapdragon 695
Medium,5150000.0,12.0,256,6.64,IPS LCD,120.0,64,2,Vivo,HD,Snapdragon 782g
Medium,7050000.0,8.0,256,6.78,AMOLED,120.0,64,2,Vivo,HD,Dimensity 7200
Medium,4850000.0,12.0,256,6.64,IPS LCD,120.0,50,2,Vivo,HD,Snapdragon 6 gen 1
Medium,6150000.0,12.0,512,6.64,IPS LCD,120.0,64,2,Vivo,HD,Dimensity 8200
Medium,5450000.0,12.0,256,6.77,AMOLED,120.0,50,2,Vivo,HD,Dimensity 7300
Medium,7450000.0,12.0,256,6.77,AMOLED,120.0,50,2,Vivo,HD,Snapdragon 7 gen 3
Medium,3350000.0,12.0,256,6.72,IPS LCD,120.0,50,2,Vivo,HD,Snapdragon 6 gen 1
Medium,4450000.0,12.0,512,6.78,AMOLED,144.0,50,2,Vivo,HD,Snapdragon 7 gen 3
Medium,3250000.0,6.0,128,6.56,IPS LCD,90.0,50,2,Vivo,HD,Dimensity 6300
Medium,6050000.0,16.0,512,6.78,AMOLED,144.0,50,2,Vivo,HD,Snapdragon 8
Medium,6250000.0,16.0,512,6.78,AMOLED,144.0,50,2,Vivo,HD,Snapdragon 8
Medium,7550000.0,16.0,512,6.78,AMOLED,144.0,50,2,Vivo,HD,Dimensity 9300 plus
Medium,7050000.0,12.0,256,6.44,AMOLED,90.0,50,3,Vivo,HD,Exynos 1080
Medium,6950000.0,12.0,256,6.78,AMOLED,120.0,64,2,Vivo,HD,Dimensity 7200
High,9950000.0,12.0,512,6.78,AMOLED,120.0,50,2,Vivo,HD,Dimensity 8050
High,8250000.0,12.0,256,6.78,AMOLED,120.0,50,2,Vivo,HD,Snapdragon 778g
High,10250000.0,12.0,512,6.78,AMOLED,120.0,50,3,Vivo,HD,Dimensity 8200
Medium,7250000.0,12.0,512,6.67,AMOLED,120.0,50,2,Vivo,HD,Dimensity 7200
Medium,7950000.0,16.0,512,6.78,AMOLED,120.0,50,2,Vivo,HD,Snapdragon 7 gen 3
High,10150000.0,16.0,512,6.78,AMOLED,120.0,50,3,Vivo,HD,Dimensity 9200
High,8850000.0,12.0,256,6.78,AMOLED,120.0,50,2,Vivo,HD,Snapdragon 7 gen 3
High,11650000.0,16.0,512,6.78,AMOLED,120.0,50,3,Vivo,HD,Dimensity 9200
Low,2500000.0,6.0,128,6.39,Super AMOLED,60.0,48,3,Vivo,HD,Snapdragon 675
High,8150000.0,16.0,512,6.67,AMOLED,120.0,50,2,Vivo,HD,Snapdragon 7 gen 3
High,11450000.0,16.0,512,6.67,AMOLED,120.0,50,3,Vivo,HD,Dimensity 9300 plus
Medium,3500000.0,8.0,128,6.44,Super AMOLED,60.0,48,3,Vivo,HD,Snapdragon 712
High,8450000.0,12.0,256,6.44,"AMOLED, 90Hz, HDR10+",90.0,64,3,Vivo,HD,Dimensity 1100
Medium,7320000.0,8.0,256,6.62,AMOLED,120.0,64,3,Vivo,HD,Helio G99
Medium,7050000.0,8.0,256,6.78,AMOLED,120.0,64,2,Vivo,HD,Dimensity 7200
Medium,5990000.0,8.0,256,6.67,AMOLED,120.0,50,2,Vivo,HD,Dimensity 7200
Medium,7350000.0,8.0,256,6.77,AMOLED,120.0,50,2,Vivo,HD,Snapdragon 7 gen 3
High,9450000.0,12.0,128,6.78,AMOLED,120.0,50,2,Vivo,HD,Dimensity 9200 plus
Medium,7700000.0,6.0,128,6.41,Super AMOLED,60.0,12,2,Vivo,HD,Snapdragon 660
Medium,5000000.0,8.0,256,6.44,"Super AMOLED, 60Hz",60.0,48,4,Vivo,HD,Snapdragon 712
Medium,6750000.0,12.0,256,6.62,AMOLED,120.0,64,3,Vivo,HD,Helio G99
High,9350000.0,12.0,256,6.78,AMOLED,120.0,50,3,Vivo,HD,Dimensity 7200
Medium,7880000.0,8.0,256,6.78,AMOLED,120.0,64,2,Vivo,HD,Snapdragon 695
High,8450000.0,12.0,256,6.67,AMOLED,120.0,64,2,Vivo,HD,Snapdragon 695
High,12550000.0,8.0,512,6.78,AMOLED,120.0,50,3,Vivo,HD,Snapdragon 778g
High,9350000.0,8.0,128,6.78,AMOLED,120.0,64,3,Vivo,HD,Snapdragon 695
High,11750000.0,12.0,256,6.78,AMOLED,120.0,50,3,Vivo,HD,Dimensity 8200
High,8550000.0,8.0,256,6.78,AMOLED,120.0,50,2,Vivo,HD,Snapdragon 6 gen 1
High,10950000.0,12.0,512,6.78,AMOLED,120.0,50,2,Vivo,HD,Snapdragon 7 gen 3
High,8550000.0,8.0,256,6.77,AMOLED,120.0,50,2,Vivo,HD,Dimensity 7300
High,10490000.0,12.0,512,6.78,AMOLED,120.0,50,2,Vivo,HD,Snapdragon 7 gen 3
Medium,6990000.0,12.0,512,6.67,AMOLED,120.0,50,2,Vivo,HD,Snapdragon 4 gen 2
Medium,5950000.0,8.0,256,6.67,AMOLED E4,120.0,50,2,Vivo,HD,Snapdragon 685
High,14990000.0,12.0,512,6.78,AMOLED,120.0,50,3,Vivo,HD,Dimensity 9200
High,12250000.0,16.0,1024,6.78,LTPO AMOLED,120.0,64,3,Vivo,HD,Dimensity 9300
Premium,17650000.0,16.0,1024,6.78,LTPO AMOLED,120.0,50,3,Vivo,HD,Dimensity 9300
High,13550000.0,16.0,1024,6.78,LTPO AMOLED,120.0,64,3,Vivo,HD,Dimensity 9300
High,10150000.0,16.0,1024,6.78,LTPO AMOLED,120.0,50,3,Vivo,HD,Dimensity 9300
Premium,22950000.0,16.0,1024,6.78,LTPO AMOLED,120.0,200,3,Vivo,FHD,Snapdragon 8 gen 3
High,12250000.0,16.0,1024,6.67,LTPO AMOLED,120.0,50,3,Vivo,HD,Dimensity 9400 plus
High,12950000.0,16.0,1024,6.67,AMOLED,120.0,50,3,Vivo,HD,Dimensity 9400
Premium,17250000.0,16.0,1024,6.78,LTPO AMOLED,120.0,200,3,Vivo,HD,Dimensity 9400
Premium,15250000.0,16.0,1024,6.31,LTPO AMOLED,120.0,50,3,Vivo,HD,Dimensity 9400
High,14950000.0,16.0,1024,6.31,AMOLED,120.0,50,3,Vivo,HD,Dimensity 9500
Premium,17950000.0,16.0,1024,6.78,LTPO AMOLED,120.0,200,3,Vivo,HD,Dimensity 9500
Premium,15950000.0,16.0,1024,6.31,LTPO AMOLED,120.0,50,3,Vivo,HD,Dimensity 9500
Premium,22950000.0,16.0,1024,6.78,LTPO AMOLED,120.0,200,3,Vivo,FHD,Snapdragon 8 e
High,13150000.0,12.0,512,6.78,AMOLED,120.0,50,3,Vivo,HD,Dimensity 9000
Premium,19450000.0,12.0,512,6.78,AMOLED,120.0,50,4,Vivo,FHD,Snapdragon 8 gen 1
High,13050000.0,12.0,512,6.78,AMOLED,120.0,50,3,Vivo,HD,Dimensity 9200
High,12950000.0,12.0,512,6.78,AMOLED,120.0,50,3,Vivo,HD,Dimensity 9200
Premium,17450000.0,12.0,512,6.78,AMOLED,120.0,50,3,Vivo,HD,Dimensity 9200
Premium,22750000.0,12.0,512,6.78,LTPO4 AMOLED,120.0,64,4,Vivo,FHD,Snapdragon 8 gen 2
Premium,19750000.0,12.0,512,6.74,Foldable LTPO AMOLED | Màn phụ: AMOLED,120.0,50,2,Vivo,HD,Snapdragon 8 gen 1
Premium,29950000.0,12.0,512,8.03,Màn trong: Foldable LTPO4 AMOLED | Màn ngoài: AMOLED,120.0,50,3,Vivo,FHD,Snapdragon 8 gen 2
Premium,24550000.0,16.0,1024,8.03,Foldable LTPO AMOLED (màn chính) | AMOLED (màn phụ),120.0,50,3,Vivo,2K,Snapdragon 8 gen 2
Premium,34350000.0,16.0,1024,8.03,Foldable LTPO AMOLED E7,120.0,64,3,Vivo,2K,Snapdragon 8 gen 3
Low,2950000.0,4.0,128,6.56,IPS LCD,90.0,13,2,Vivo,HD,Helio G85
Medium,5350000.0,12.0,512,6.64,IPS LCD,240.0,50,2,Vivo,HD,Dimensity 6020
Medium,4690000.0,12.0,512,6.78,AMOLED,120.0,64,2,Vivo,HD,Snapdragon 695
Medium,6950000.0,8.0,256,6.67,AMOLED E4,120.0,50,2,Vivo,HD,Snapdragon 685
Medium,3450000.0,6.0,64,6.51,IPS LCD,60.0,13,3,Vivo,HD,Snapdragon 460
Medium,4350000.0,12.0,512,6.72,IPS LCD,120.0,50,2,Vivo,HD,Snapdragon 6 gen 1
Medium,6450000.0,8.0,128,6.67,AMOLED,120.0,64,2,Vivo,HD,Snapdragon 4 gen 1
Medium,5650000.0,12.0,512,6.78,AMOLED,144.0,50,2,Vivo,HD,Snapdragon 7 gen 3
Medium,4600000.0,6.0,128,6.51,IPS LCD,60.0,50,3,Vivo,HD,Helio G80
Medium,3650000.0,4.0,128,6.51,IPS LCD,60.0,13,2,Vivo,HD,Helio p35
Medium,3750000.0,8.0,256,6.64,IPS LCD,90.0,50,2,Vivo,HD,Snapdragon 680
Medium,5250000.0,8.0,256,6.56,IPS LCD,90.0,50,2,Vivo,HD,Dimensity 6300
Medium,5750000.0,8.0,256,6.68,IPS LCD,90.0,50,2,Vivo,HD,Helio G85
Medium,4250000.0,12.0,512,6.72,IPS LCD,120.0,50,2,Vivo,HD,Dimensity 7300
Medium,4950000.0,12.0,512,6.77,AMOLED,120.0,50,2,Vivo,HD,Dimensity 6300
Medium,6250000.0,12.0,512,6.77,AMOLED,120.0,50,2,Vivo,HD,Snapdragon 6 gen 1
Medium,5950000.0,12.0,512,6.77,AMOLED,120.0,50,2,Vivo,HD,Snapdragon 7
Medium,5450000.0,8.0,256,6.64,IPS LCD,60.0,50,1,Vivo,HD,Dimensity 6020
Medium,5660000.0,12.0,256,6.64,IPS LCD,60.0,50,1,Vivo,HD,Dimensity 6020
Medium,6250000.0,8.0,256,6.68,IPS LCD,120.0,50,2,Vivo,HD,Snapdragon 4 gen 2
Medium,4950000.0,12.0,256,6.64,IPS LCD,120.0,50,2,Vivo,HD,Dimensity 7020
Medium,6688000.0,12.0,256,6.64,IPS LCD,60.0,50,2,Vivo,HD,Dimensity 6020
Medium,7150000.0,12.0,256,6.64,IPS LCD,120.0,50,2,Vivo,HD,Dimensity 7020
Medium,3750000.0,12.0,256,6.64,IPS LCD,120.0,50,2,Vivo,HD,Snapdragon 6 gen 1
Medium,6688000.0,12.0,256,6.64,IPS LCD,60.0,50,2,Vivo,HD,Dimensity 6020
Medium,4550000.0,12.0,256,6.64,IPS LCD,120.0,50,2,Vivo,HD,Dimensity 7020
Medium,5450000.0,12.0,256,6.78,AMOLED,120.0,50,2,Vivo,HD,Snapdragon 695
Low,1590000.0,8.0,16,6.0,IPS LCD,60.0,8,1,Vsmart,HD,MediaTek 9
Low,2350000.0,4.0,64,6.39,AMOLED,60.0,48,3,Vsmart,HD,Helio p60
Medium,3450000.0,6.0,64,6.39,AMOLED,60.0,64,4,Vsmart,HD,Snapdragon 730
Medium,4550000.0,8.0,128,6.39,AMOLED,60.0,64,4,Vsmart,HD,Snapdragon 730
Low,2050000.0,2.0,32,6.5,IPS LCD,60.0,13,3,Vsmart,HD,Snapdragon 632
Low,1750000.0,4.0,64,6.53,LTPS IPS LCD,60.0,16,4,Vsmart,HD,Snapdragon 665
Medium,3450000.0,4.0,64,6.2,AMOLED,60.0,48,3,Vsmart,HD,Snapdragon 675
Low,2550000.0,4.0,64,6.5,LTPS IPS LCD,60.0,48,4,Vsmart,HD,Snapdragon 675
Low,1590000.0,2.0,16,6.09,IPS LCD,60.0,8,2,Vsmart,HD,Snapdragon 215
Low,2250000.0,3.0,32,6.09,IPS LCD,60.0,8,2,Vsmart,HD,Helio p35
Low,1450000.0,4.0,64,6.52,"6.52"", IPS LCD, HD+ (720 x 1600 Pixels)",60.0,13,3,Vsmart,HD,Helio G35
Premium,24490000.0,12.0,256,6.73,AMOLED,60.0,50,3,Xiaomi,FHD,Snapdragon 8 gen 2
Premium,16490000.0,8.0,256,6.36,AMOLED,120.0,50,3,Xiaomi,HD,Snapdragon 8
High,10590000.0,12.0,256,6.67,AMOLED,144.0,50,3,Xiaomi,HD,Dimensity 8200ultra
Premium,18990000.0,12.0,256,6.36,LTPO OLED,120.0,50,3,Xiaomi,HD,Snapdragon 8 gen 3
Premium,24090000.0,16.0,512,6.73,AMOLED,120.0,50,4,Xiaomi,FHD,Snapdragon 8 gen 3
High,14490000.0,12.0,512,6.67,AMOLED,144.0,50,3,Xiaomi,HD,Dimensity 9300
High,10990000.0,12.0,512,6.67,AMOLED,144.0,50,3,Xiaomi,HD,Dimensity 8300ultra
High,11990000.0,12.0,256,6.67,AMOLED,120.0,108,3,Xiaomi,HD,Snapdragon 888
High,10990000.0,8.0,128,6.67,AMOLED,60.0,108,3,Xiaomi,HD,Dimensity 1200ultra
Medium,5490000.0,8.0,128,6.67,AMOLED,120.0,108,3,Xiaomi,HD,Dimensity 8100 ultra
Low,2990000.0,6.0,128,6.58,IPS LCD,60.0,50,3,Xiaomi,HD,Helio G99
Medium,3650000.0,4.0,128,6.5,IPS LCD,90.0,50,4,Xiaomi,HD,Helio G88
Low,2190000.0,4.0,64,6.71,IPS LCD,60.0,50,2,Xiaomi,HD,Helio G85
Low,2990000.0,6.0,128,6.74,IPS LCD,90.0,50,2,Xiaomi,HD,Helio G85
Low,2190000.0,3.0,32,6.52,IPS LCD,60.0,8,1,Xiaomi,HD,Helio G36
Medium,5490000.0,6.0,128,6.47,AMOLED,60.0,108,5,Xiaomi,HD,Snapdragon 730g
Medium,4090000.0,4.0,128,6.43,AMOLED,90.0,50,4,Xiaomi,HD,Snapdragon 680
Medium,5590000.0,8.0,128,6.67,AMOLED,120.0,108,3,Xiaomi,HD,Snapdragon 695
Medium,3890000.0,4.0,64,6.43,AMOLED,90.0,50,4,Xiaomi,HD,Snapdragon 680
Medium,4990000.0,8.0,128,6.43,AMOLED,90.0,108,4,Xiaomi,HD,Helio G96
Medium,4290000.0,8.0,128,6.67,AMOLED,120.0,50,3,Xiaomi,HD,Snapdragon 685
Medium,3790000.0,4.0,128,6.67,AMOLED,120.0,50,3,Xiaomi,HD,Snapdragon 685
Medium,5990000.0,8.0,128,6.67,AMOLED,120.0,200,3,Xiaomi,HD,Helio G99ULTRA
High,8290000.0,8.0,256,6.67,AMOLED,120.0,200,3,Xiaomi,HD,Dimensity 7200 ultra
Medium,3990000.0,6.0,128,6.67,AMOLED,120.0,108,3,Xiaomi,HD,Snapdragon 685
High,8150000.0,8.0,256,6.67,AMOLED,120.0,108,3,Xiaomi,HD,Dimensity 1200
High,10700000.0,12.0,256,6.67,AMOLED,120.0,108,3,Xiaomi,HD,Snapdragon 888
Medium,6850000.0,8.0,256,6.55,AMOLED,90.0,64,3,Xiaomi,HD,Snapdragon 778g
High,10950000.0,12.0,512,6,AMOLED,120.0,50,3,Xiaomi,HD,Snapdragon 8 gen 1
High,10950000.0,12.0,512,6.73,LTPO AMOLED,120.0,50,3,Xiaomi,FHD,Snapdragon 8 gen 1
High,14950000.0,12.0,512,6.73,LTPO2 AMOLED,120.0,50,3,Xiaomi,FHD,Snapdragon 8 gen 1
High,9450000.0,8.0,256,6.67,AMOLED,120.0,108,3,Xiaomi,HD,Dimensity 8100ultra
High,12850000.0,12.0,256,6.67,AMOLED,120.0,200,3,Xiaomi,HD,Snapdragon 8 gen 1
High,10950000.0,12.0,256,6.28,OLED,120.0,50,3,Xiaomi,HD,Snapdragon 870
High,14650000.0,12.0,256,6.28,AMOLED,120.0,50,3,Xiaomi,HD,Snapdragon 8 gen 1
High,8950000.0,12.0,256,6.28,AMOLED,120.0,50,3,Xiaomi,HD,Snapdragon 8 gen 1
Medium,6050000.0,8.0,256,6.55,AMOLED,120.0,108,3,Xiaomi,HD,Snapdragon 778g
Premium,19950000.0,12.0,256,6.73,LTPO AMOLED,120.0,50,3,Xiaomi,FHD,Snapdragon 8 gen 1
High,9750000.0,12.0,256,6.73,LTPO 2.0 AMOLED,120.0,50,3,Xiaomi,FHD,Dimensity 9000
High,9750000.0,12.0,256,6.73,LTPO AMOLED,120.0,50,3,Xiaomi,FHD,Snapdragon 8 gen 1
High,9450000.0,12.0,256,6.67,AMOLED,144.0,50,3,Xiaomi,HD,Dimensity 8200 ultra
Premium,15990000.0,16.0,1024,6.67,AMOLED,144.0,50,3,Xiaomi,HD,Dimensity 9200
High,8250000.0,12.0,128,6.36,AMOLED,120.0,50,3,Xiaomi,HD,Snapdragon 8 gen 2
High,8750000.0,8.0,256,6.55,AMOLED,120.0,50,3,Xiaomi,HD,Snapdragon 7 gen 1
High,10250000.0,12.0,128,6.73,LTPO AMOLED,120.0,50,3,Xiaomi,FHD,Snapdragon 8 gen 2
Premium,19450000.0,16.0,1024,6.73,LTPO OLED,120.0,50,4,Xiaomi,FHD,Snapdragon 8 gen 2
High,10150000.0,16.0,512,6.67,AMOLED,144.0,50,3,Xiaomi,HD,Dimensity 8300 ultra
High,13650000.0,16.0,1024,6.67,AMOLED,144.0,50,3,Xiaomi,HD,Dimensity 9300 plus
High,12250000.0,16.0,1024,6.36,LTPO OLED,120.0,50,3,Xiaomi,HD,Snapdragon 8 gen 3
High,14750000.0,12.0,512,6.36,LTPO AMOLED,120.0,50,3,Xiaomi,HD,Snapdragon 8 gen 3
High,13550000.0,12.0,512,6.55,LTPO AMOLED,120.0,50,3,Xiaomi,HD,Snapdragon 8
Premium,16250000.0,16.0,1024,6.73,LTPO AMOLED,120.0,50,3,Xiaomi,FHD,Snapdragon 8 gen 3
Premium,19950000.0,16.0,1024,6.73,LTPO AMOLED,120.0,50,4,Xiaomi,FHD,Snapdragon 8 gen 3
Premium,19950000.0,16.0,1024,6.73,LTPO AMOLED,120.0,50,3,Xiaomi,FHD,Snapdragon 8 e
Premium,15250000.0,16.0,1024,6.36,LTPO OLED,120.0,50,3,Xiaomi,HD,Snapdragon 8 e
Premium,18950000.0,16.0,1024,6.73,LTPO AMOLED,120.0,50,3,Xiaomi,FHD,Snapdragon 8 e
Premium,16250000.0,16.0,1024,6.73,LTPO AMOLED,120.0,200,4,Xiaomi,FHD,Snapdragon 8 e
Medium,3450000.0,6.0,128,6.39,AMOLED,60.0,48,2,Xiaomi,HD,Snapdragon 855
Medium,3650000.0,12.0,256,6.39,AMOLED,60.0,48,2,Xiaomi,HD,Snapdragon 855
Medium,4750000.0,12.0,256,6.67,AMOLED,120.0,64,3,Xiaomi,HD,Snapdragon 865
Medium,4550000.0,12.0,256,6.67,AMOLED,90.0,64,3,Xiaomi,HD,Snapdragon 865
Medium,4590000.0,12.0,512,7.1,AMOLED,90.0,64,3,Xiaomi,FHD,Snapdragon 865
Medium,5500000.0,12.0,256,6.67,"Super AMOLED, 144Hz, HDR10+, 1300 nits",144.0,48,3,Xiaomi,HD,Snapdragon 870
Premium,16950000.0,16.0,512,6.67,"Super AMOLED, 144Hz, HDR10+, 1300 nits",144.0,64,3,Xiaomi,HD,Snapdragon 888
High,9450000.0,12.0,256,6.67,"Super AMOLED, 144Hz, HDR10+, 1300 nits",144.0,48,3,Xiaomi,HD,Snapdragon 870
High,8550000.0,12.0,256,6.67,AMOLED,144.0,64,3,Xiaomi,HD,Snapdragon 870
High,12950000.0,12.0,256,6.67,AMOLED,144.0,64,3,Xiaomi,HD,Snapdragon 870
Premium,15450000.0,16.0,512,6.67,OLED,144.0,108,3,Xiaomi,HD,Snapdragon 8 gen1
Medium,7950000.0,12.0,256,6.67,AMOLED,144.0,64,3,Xiaomi,HD,Snapdragon 888
High,13450000.0,16.0,512,6.67,OLED,144.0,50,3,Xiaomi,FHD,Snapdragon 8 gen 2
High,9050000.0,8.0,128,6.02,AMOLED,60.0,20,2,Xiaomi,HD,Snapdragon 845
High,9950000.0,8.0,256,6.55,AMOLED,120.0,64,3,Xiaomi,HD,Snapdragon 778g
High,8450000.0,12.0,256,6.55,OLED,120.0,64,3,Xiaomi,HD,Snapdragon 778g
High,10950000.0,12.0,256,6.55,OLED,120.0,50,3,Xiaomi,HD,Snapdragon 8 gen 1
Medium,7250000.0,12.0,256,6.55,AMOLED,120.0,50,3,Xiaomi,HD,Snapdragon 7 gen 1
High,8250000.0,12.0,1024,6.55,AMOLED,120.0,50,3,Xiaomi,HD,Dimensity 8200 ultra
High,10450000.0,16.0,512,6.55,AMOLED,120.0,50,3,Xiaomi,HD,Snapdragon 8
High,10350000.0,12.0,1024,6.55,AMOLED,120.0,50,3,Xiaomi,HD,Snapdragon 8
Premium,16450000.0,12.0,256,6.67,AMOLED,120.0,108,3,Xiaomi,HD,Snapdragon 888
Premium,23450000.0,16.0,1024,6.86,Foldable LTPO AMOLED | Màn hình phụ: AMOLED,120.0,50,2,Xiaomi,HD,Snapdragon 8 e
Premium,21150000.0,16.0,1024,6.86,Foldable LTPO AMOLED | Màn hình phụ: AMOLED,120.0,50,2,Xiaomi,HD,Snapdragon 8 gen 3
Premium,31450000.0,12.0,1024,8.02,Foldable LTPO2 OLED | AMOLED,120.0,50,3,Xiaomi,FHD,Snapdragon 8 gen 1
Premium,30950000.0,16.0,1024,8.03,Foldable LTPO OLED+ (chính) | AMOLED (phụ),120.0,50,4,Xiaomi,FHD,Snapdragon 8 gen 2
Premium,31250000.0,16.0,1024,7.98,Foldable LTPO AMOLED (chính) | LTPO AMOLED (phụ),120.0,50,4,Xiaomi,2K,Snapdragon 8 gen 3
High,11750000.0,12.0,256,6.7,Super AMOLED,90.0,108,4,Xiaomi,HD,Snapdragon 865
Medium,5950000.0,8.0,128,6.57,AMOLED,60.0,48,4,Xiaomi,HD,Snapdragon 765g
Premium,16100000.0,12.0,512,6.5,OLED,90.0,108,4,Xiaomi,HD,Snapdragon 865
Premium,18350000.0,16.0,512,6.67,OLED,120.0,48,4,Xiaomi,HD,Snapdragon 865
High,10850000.0,12.0,256,6.81,AMOLED,120.0,108,3,Xiaomi,FHD,Snapdragon 888
Medium,6850000.0,8.0,256,6.55,"AMOLED, 1B colors, HDR10+, 90Hz, 800 nits",90.0,64,3,Xiaomi,HD,Snapdragon 780g
Medium,7950000.0,8.0,256,6.55,AMOLED,90.0,64,3,Xiaomi,HD,Snapdragon 780g
Medium,5550000.0,6.0,64,6.21,AMOLED,60.0,12,2,Xiaomi,HD,Snapdragon 845
Medium,3050000.0,4.0,64,6.26,IPS LCD,60.0,12,2,Xiaomi,HD,Snapdragon 660
Medium,6150000.0,6.0,128,6.21,Super AMOLED,60.0,12,2,Xiaomi,HD,Snapdragon 845
Medium,4250000.0,4.0,64,5.88,AMOLED,60.0,12,2,Xiaomi,HD,Snapdragon 710
Medium,6750000.0,6.0,64,6.39,AMOLED,60.0,48,3,Xiaomi,HD,Snapdragon 730
Medium,7550000.0,6.0,64,6.39,Super AMOLED,60.0,48,3,Xiaomi,HD,Snapdragon 855
High,10100000.0,12.0,512,6.39,Super AMOLED,60.0,48,3,Xiaomi,HD,Snapdragon 855
Medium,5850000.0,6.0,64,5.97,Super AMOLED,60.0,48,3,Xiaomi,HD,Snapdragon 712
Medium,4750000.0,6.0,64,6.39,"AMOLED, 6.39 inches, 1080 x 2340 pixels, 19.5:9",60.0,48,3,Xiaomi,HD,Snapdragon 710
Medium,3350000.0,6.0,64,6.01,AMOLED,60.0,48,3,Xiaomi,HD,Snapdragon 665
High,9050000.0,8.0,256,6.39,"AMOLED, 6.39 inches, 1080 x 2340 pixels, 19.5:9",60.0,48,3,Xiaomi,HD,Snapdragon 710
High,8550000.0,8.0,256,6.47,Super AMOLED,60.0,108,5,Xiaomi,HD,Snapdragon 730g
Medium,6950000.0,6.0,128,6.4,Super AMOLED,60.0,12,2,Xiaomi,HD,Snapdragon 845
Premium,20100000.0,16.0,512,6.52,"Foldable AMOLED, 1B colors, HDR10+, Dolby Vision, 900 nits",90.0,108,3,Xiaomi,HD,Snapdragon 888
Medium,5050000.0,4.0,64,8,IPS LCD,60.0,13,1,Xiaomi,HD,Snapdragon 660
Premium,21100000.0,4.0,64,5.84,OLED,60.0,12,2,Xiaomi,HD,Helio p35
Low,2950000.0,4.0,64,6.7,IPS LCD,60.0,13,2,Xiaomi,HD,Jr510 8 
Low,2350000.0,6.0,128,6.71,IPS LCD,90.0,8,2,Xiaomi,HD,Helio G36
Low,2600000.0,8.0,256,6.74,IPS LCD,90.0,50,2,Xiaomi,HD,Helio G85
Low,2950000.0,8.0,256,6.88,IPS LCD,120.0,50,1,Xiaomi,HD,Helio G81 ULTRA
Low,2450000.0,4.0,64,6.88,IPS LCD,120.0,50,1,Xiaomi,HD,Snapdragon 4
Medium,6750000.0,8.0,256,6.67,"AMOLED, 120Hz, HDR10+",120.0,48,3,Xiaomi,HD,Snapdragon 870
Medium,7950000.0,12.0,256,6.67,AMOLED,120.0,64,3,Xiaomi,HD,Snapdragon 870
High,10450000.0,12.0,256,6.67,OLED,120.0,64,3,Xiaomi,HD,Snapdragon 8 gen 1
Medium,7450000.0,12.0,256,6.67,AMOLED,120.0,64,3,Xiaomi,HD,Snapdragon 7 gen 2
High,10850000.0,16.0,512,6.67,AMOLED,120.0,64,3,Xiaomi,FHD,Snapdragon 8 gen 1
High,9690000.0,12.0,512,6.67,AMOLED,120.0,50,2,Xiaomi,HD,Snapdragon 8
High,10750000.0,16.0,1024,6.67,AMOLED,120.0,50,3,Xiaomi,FHD,Snapdragon 8 gen 2
High,8350000.0,12.0,512,6.67,AMOLED,120.0,50,2,Xiaomi,HD,Snapdragon 8
High,12850000.0,12.0,512,6.67,AMOLED,120.0,50,2,Xiaomi,FHD,Snapdragon 8 gen 3
Premium,16590000.0,16.0,512,6.67,AMOLED,120.0,50,3,Xiaomi,FHD,Snapdragon 8 e
Medium,3550000.0,6.0,64,6.53,IPS LCD,60.0,48,3,Xiaomi,HD,Snapdragon 662
Medium,4150000.0,6.0,128,6.5,IPS LCD,90.0,48,3,Xiaomi,HD,Dimensity 700
Medium,3550000.0,8.0,256,6.43,AMOLED,90.0,64,3,Xiaomi,HD,Helio G96
Medium,4450000.0,6.0,128,6.6,IPS LCD,90.0,50,2,Xiaomi,HD,Dimensity 810
Low,2490000.0,6.0,128,6.58,IPS LCD,90.0,50,3,Xiaomi,HD,Helio G99
Medium,4250000.0,8.0,256,6.79,IPS LCD,90.0,108,2,Xiaomi,HD,Helio G91 ULTRA
Medium,3150000.0,8.0,256,6.74,IPS LCD,90.0,50,2,Xiaomi,HD,Dimensity 6100
Medium,4150000.0,8.0,128,6.79,IPS LCD,120.0,108,2,Xiaomi,HD,Snapdragon 4 gen 2
Medium,4950000.0,12.0,512,6.67,AMOLED,120.0,64,3,Xiaomi,HD,Helio G99 ULTRA
Medium,3250000.0,6.0,128,6.79,IPS LCD,90.0,50,2,Xiaomi,HD,Snapdragon 4 gen 2
Medium,4550000.0,8.0,128,6.79,IPS LCD,120.0,108,2,Xiaomi,HD,Helio G91 ULTRA
Medium,4490000.0,8.0,256,6.67,AMOLED,120.0,50,2,Xiaomi,HD,Dimensity 7025 ultra
Medium,4950000.0,6.0,128,6,"PS LCD, 120Hz",120.0,64,4,Xiaomi,HD,Snapdragon 732g
Medium,6950000.0,8.0,256,6.6,IPS LCD,120.0,64,3,Xiaomi,HD,Dimensity 1100
Medium,5450000.0,8.0,256,6.67,IPS LCD,120.0,48,4,Xiaomi,HD,Snapdragon 860
Medium,7350000.0,8.0,256,6.6,IPS LCD,144.0,64,3,Xiaomi,HD,Dimensity 8100
Medium,5150000.0,8.0,256,6.67,AMOLED,120.0,108,3,Xiaomi,HD,Snapdragon 695
Medium,5250000.0,8.0,256,6.67,AMOLED,120.0,48,3,Xiaomi,HD,Snapdragon 695
Medium,7000000.0,8.0,256,6.67,AMOLED,120.0,108,3,Xiaomi,HD,Snapdragon 778g
Medium,6550000.0,12.0,512,6.67,AMOLED,120.0,64,3,Xiaomi,HD,Snapdragon 7
Medium,4750000.0,12.0,256,6.67,AMOLED,120.0,108,2,Xiaomi,HD,Dimensity 6080
Medium,7990000.0,12.0,512,6.67,AMOLED,120.0,64,3,Xiaomi,HD,Dimensity 8300 ultra
Medium,4950000.0,12.0,512,6.67,AMOLED,120.0,50,3,Xiaomi,HD,Dimensity 7300 ultra
Medium,4150000.0,12.0,256,6.67,AMOLED,120.0,50,2,Xiaomi,HD,Dimensity 7025 ultra
Medium,7650000.0,12.0,512,6.67,AMOLED,120.0,50,2,Xiaomi,HD,Dimensity 8400 ultra
Low,2450000.0,6.0,128,6.53,IPS LCD,60.0,13,1,Xiaomi,HD,Helio G25
Low,2650000.0,4.0,128,6.71,IPS LCD,60.0,50,2,Xiaomi,HD,Snapdragon 680
Medium,4150000.0,6.0,128,6.53,IPS LCD,60.0,48,4,Xiaomi,HD,Helio G85
Medium,5050000.0,8.0,256,6.57,AMOLED Mini Camera,60.0,48,3,Xiaomi,HD,Dimensity 820
Medium,7550000.0,8.0,256,6.57,AMOLED Mini Camera,60.0,48,4,Xiaomi,HD,Dimensity 820
Medium,3650000.0,4.0,128,6.5,LTPS LCD,90.0,50,4,Xiaomi,HD,Helio G88
Medium,3300000.0,6.0,128,6.58,IPS LCD,90.0,50,2,Xiaomi,HD,Dimensity 700
Low,1650000.0,6.0,128,6.71,IPS LCD,60.0,50,2,Xiaomi,HD,Helio G85
Medium,4250000.0,8.0,256,6.79,IPS LCD,90.0,50,3,Xiaomi,HD,Helio G88
Low,2350000.0,8.0,256,6.79,IPS LCD,90.0,50,2,Xiaomi,HD,Snapdragon 4 gen 2
Low,2550000.0,8.0,256,6.74,IPS LCD,90.0,50,2,Xiaomi,HD,Dimensity 6100
Low,2600000.0,8.0,256,6.74,IPS LCD,90.0,50,2,Xiaomi,HD,Helio G85
Low,2250000.0,4.0,128,6.74,IPS LCD,90.0,50,2,Xiaomi,HD,Dimensity 6100
Medium,4250000.0,8.0,256,6.79,IPS LCD,90.0,108,2,Xiaomi,HD,Helio G91 ULTRA
Medium,4350000.0,8.0,256,6.79,IPS LCD,120.0,108,2,Xiaomi,HD,Snapdragon 4 gen 2
Low,2950000.0,8.0,256,6.88,IPS LCD,120.0,50,1,Xiaomi,HD,Snapdragon 4 gen 2
Low,2650000.0,8.0,128,6.88,IPS LCD,120.0,50,1,Xiaomi,HD,Helio G81 ULTRA
Medium,3850000.0,8.0,256,6.88,IPS LCD,120.0,13,1,Xiaomi,HD,Snapdragon 4 gen 2
Medium,4050000.0,8.0,256,6.79,IPS LCD,120.0,108,2,Xiaomi,HD,Helio G91 ULTRA
Low,2000000.0,2.0,16,6,IPS LCD,60.0,12,2,Xiaomi,HD,Snapdragon 632
Low,2050000.0,2.0,16,5.45,IPS LCD,60.0,13,1,Xiaomi,HD,Snapdragon 439
Low,2100000.0,3.0,32,"6,26",IPS LCD,60.0,12,2,Xiaomi,HD,Snapdragon 632
Low,2450000.0,4.0,64,6.22,IPS LCD,60.0,12,2,Xiaomi,HD,Snapdragon 439
Low,2300000.0,4.0,64,6.2,IPS LCD,60.0,12,1,Xiaomi,HD,Snapdragon 439
Low,2150000.0,6.0,128,6.53,IPS LCD,60.0,13,1,Xiaomi,HD,Helio G25
Low,2750000.0,4.0,128,6.53,IPS LCD,60.0,13,3,Xiaomi,HD,Helio G35
Medium,3350000.0,6.0,128,6.53,IPS LCD,60.0,48,3,Xiaomi,HD,Snapdragon 662
Low,2950000.0,6.0,128,6.53,IPS LCD,60.0,13,4,Xiaomi,HD,Helio G80
Low,2750000.0,3.0,32,6.52,IPS LCD,60.0,8,2,Xiaomi,HD,Helio a22
Low,2250000.0,6.0,128,6.71,IPS LCD,90.0,8,2,Xiaomi,HD,Helio G36
Low,1750000.0,3.0,64,6.71,IPS LCD,90.0,8,2,Xiaomi,HD,Tiger t603 8
Low,2350000.0,8.0,256,6.88,IPS LCD,120.0,13,1,Xiaomi,HD,Helio G81 ULTRA
Low,2550000.0,4.0,128,6.88,IPS LCD,120.0,50,1,Xiaomi,HD,Snapdragon 4
Low,2250000.0,6.0,128,6.88,IPS LCD,120.0,32,1,Xiaomi,HD,Unisoc t7250 8
Medium,3950000.0,6.0,64,6.39,AMOLED,60.0,48,3,Xiaomi,HD,Snapdragon 730
Medium,3950000.0,6.0,64,6.39,Super AMOLED,60.0,48,3,Xiaomi,HD,Snapdragon 855
High,8650000.0,12.0,512,6.39,Super AMOLED,60.0,48,3,Xiaomi,HD,Snapdragon 855
Medium,5250000.0,6.0,128,6.67,IPS LCD,120.0,48,4,Xiaomi,HD,Snapdragon 765g
High,8450000.0,8.0,256,6.67,"IPS LCD, 144Hz, HDR10+, 500 nits (typ), 650 nits (peak)",60.0,64,3,Xiaomi,HD,Snapdragon 865
Medium,4350000.0,8.0,256,6.67,IPS LCD,120.0,64,4,Xiaomi,HD,Snapdragon 730g
Medium,5350000.0,8.0,128,6.67,IPS LCD,120.0,64,4,Xiaomi,HD,Snapdragon 765g
Medium,6050000.0,6.0,128,6.67,IPS LCD,120.0,64,4,Xiaomi,HD,Snapdragon 768g
High,13050000.0,8.0,2128,6.67,Super AMOLED,60.0,64,4,Xiaomi,HD,Snapdragon 865
High,8650000.0,12.0,128,6.67,Super AMOLED,60.0,64,4,Xiaomi,HD,Snapdragon 865
Medium,7750000.0,8.0,256,6.67,AMOLED,120.0,64,4,Xiaomi,HD,Dimensity 1000
Medium,5250000.0,12.0,256,6.67,E4 AMOLED,120.0,48,3,Xiaomi,HD,Snapdragon 870
Medium,4450000.0,12.0,256,6.67,Super AMOLED,120.0,48,3,Xiaomi,HD,Snapdragon 870
Medium,4750000.0,12.0,256,6.67,OLED,120.0,64,3,Xiaomi,HD,Dimensity 1200
High,9250000.0,12.0,256,6.67,Super AMOLED,120.0,108,4,Xiaomi,HD,Snapdragon 888
Medium,4950000.0,12.0,256,6.67,OLED,120.0,48,3,Xiaomi,FHD,Dimensity 8100
Medium,7950000.0,12.0,512,6.67,OLED,144.0,108,3,Xiaomi,HD,Snapdragon 8 gen 1
High,12450000.0,12.0,256,6.67,OLED,120.0,64,3,Xiaomi,HD,Snapdragon 8 gen 1
Medium,7450000.0,12.0,512,6.67,OLED,120.0,108,3,Xiaomi,FHD,Dimensity 9000
Medium,7950000.0,12.0,512,6.67,OLED,144.0,108,3,Xiaomi,HD,Snapdragon 8 gen 1
Medium,4950000.0,12.0,512,6.67,OLED,120.0,48,3,Xiaomi,FHD,Dimensity 8200
Medium,6350000.0,16.0,512,6.67,OLED,120.0,64,3,Xiaomi,FHD,Snapdragon 8 gen 1
High,8950000.0,16.0,512,6.67,OLED,120.0,54,3,Xiaomi,FHD,Snapdragon 8 gen 2
Medium,7550000.0,24.0,1024,6.67,OLED,144.0,50,3,Xiaomi,HD,Dimensity 9200
Medium,5650000.0,16.0,1024,6.67,OLED,120.0,64,3,Xiaomi,HD,Dimensity 8300 ultra
Medium,7350000.0,16.0,1024,6.67,OLED,120.0,50,3,Xiaomi,FHD,Snapdragon 8 gen 2
High,9550000.0,24.0,1024,6.67,OLED,120.0,50,3,Xiaomi,FHD,Snapdragon 8 gen 3
High,8750000.0,24.0,1024,6.67,OLED,144.0,50,3,Xiaomi,HD,Dimensity 9300
High,8750000.0,16.0,1024,6.67,OLED,120.0,50,2,Xiaomi,FHD,Snapdragon 8 gen 3
High,12750000.0,16.0,1024,6.67,OLED,120.0,50,3,Xiaomi,FHD,Snapdragon 8 e
High,8850000.0,16.0,1024,6.67,OLED,144.0,50,3,Xiaomi,HD,Dimensity 9400 plus
High,9950000.0,16.0,1024,6.67,OLED,120.0,50,2,Xiaomi,FHD,Snapdragon 8 e
High,14950000.0,16.0,1024,6.67,OLED,120.0,50,3,Xiaomi,FHD,Snapdragon 8 e
Medium,3800000.0,8.0,128,6.43,AMOLED,60.0,64,4,Xiaomi,HD,Helio G95
Medium,3850000.0,6.0,128,6.43,Super AMOLED,60.0,48,4,Xiaomi,HD,Snapdragon 678
Medium,3850000.0,8.0,256,6.5,IPS LCD,90.0,48,3,Xiaomi,HD,Dimensity 700
Medium,5850000.0,8.0,256,6.6,IPS LCD,120.0,64,3,Xiaomi,HD,Dimensity 1100
Medium,5850000.0,8.0,256,6.67,AMOLED,120.0,108,4,Xiaomi,HD,Snapdragon 732g
Medium,4350000.0,8.0,256,6.67,Super AMOLED,120.0,108,3,Xiaomi,HD,Snapdragon 695
Medium,4950000.0,8.0,128,6.43,AMOLED,90.0,108,4,Xiaomi,HD,Helio G96
Medium,3850000.0,8.0,512,6.6,IPS LCD,144.0,64,3,Xiaomi,HD,Dimensity 8100
Medium,3750000.0,8.0,512,6.6,IPS LCD,144.0,64,3,Xiaomi,HD,Dimensity 8100
Medium,3750000.0,6.0,128,6.43,AMOLED,90.0,50,4,Xiaomi,HD,Snapdragon 680
Low,2950000.0,8.0,256,6.6,IPS LCD,90.0,50,2,Xiaomi,HD,Dimensity 810
Medium,3250000.0,8.0,128,6.67,Super AMOLED,120.0,108,4,Xiaomi,HD,Helio G96
Medium,4950000.0,8.0,256,6.67,Super AMOLED,120.0,108,4,Xiaomi,HD,Dimensity 920
Medium,3450000.0,8.0,128,6.67,Super AMOLED,120.0,108,3,Xiaomi,HD,Snapdragon 695
Medium,3650000.0,8.0,256,6.67,AMOLED,120.0,108,3,Xiaomi,HD,Dimensity 920
Medium,3950000.0,8.0,128,6.5,IPS LCD,90.0,48,2,Xiaomi,HD,Dimensity 700
Low,2550000.0,8.0,256,6.79,IPS LCD,90.0,50,2,Xiaomi,HD,Snapdragon 4 gen 2
Medium,5550000.0,12.0,256,6.67,OLED,120.0,48,2,Xiaomi,HD,Snapdragon 4 gen 1
Medium,5250000.0,8.0,256,6.43,AMOLED,90.0,108,3,Xiaomi,HD,Helio G96
Medium,3950000.0,12.0,512,6.6,IPS LCD,144.0,64,3,Xiaomi,HD,Dimensity 8200 ultra
Low,2550000.0,8.0,256,6.67,Samsung GOLED,120.0,48,2,Xiaomi,HD,Snapdragon 4 gen 1
Medium,3350000.0,8.0,256,6.67,AMOLED,120.0,50,3,Xiaomi,HD,Snapdragon 685
Medium,3950000.0,8.0,256,6.67,OLED,120.0,200,3,Xiaomi,HD,Dimensity 1080
Medium,3750000.0,12.0,256,6.67,OLED,120.0,50,3,Xiaomi,HD,Dimensity 1080
Medium,5650000.0,8.0,256,6.67,AMOLED,120.0,108,4,Xiaomi,HD,Snapdragon 732g
Medium,5950000.0,12.0,256,6.67,OLED,120.0,200,3,Xiaomi,HD,Dimensity 1080
Medium,4250000.0,12.0,256,6.67,OLED,120.0,108,3,Xiaomi,HD,Snapdragon 778g
Medium,4750000.0,16.0,512,6.67,OLED,120.0,64,3,Xiaomi,HD,Snapdragon 7 gen 2
High,8450000.0,12.0,256,6.67,OLED,120.0,64,3,Xiaomi,HD,Snapdragon 7 gen 2
Medium,4950000.0,12.0,512,6.79,IPS LCD,120.0,50,2,Xiaomi,HD,Snapdragon 4 gen 2
Medium,6780000.0,12.0,256,6.67,OLED,120.0,108,2,Xiaomi,HD,Dimensity 6080
Low,2950000.0,12.0,256,6.67,AMOLED,120.0,108,2,Xiaomi,HD,Dimensity 6080
Medium,3650000.0,8.0,256,6.67,AMOLED,120.0,108,3,Xiaomi,HD,Snapdragon 685
Medium,6950000.0,12.0,512,6.67,AMOLED,120.0,200,3,Xiaomi,HD,Helio G99 ULTRA
Medium,4150000.0,16.0,512,6.67,AMOLED,120.0,200,3,Xiaomi,HD,Snapdragon 7
Medium,6450000.0,16.0,512,6.67,OLED,120.0,200,3,Xiaomi,HD,Dimensity 7200 ultra
Medium,7850000.0,12.0,512,6.67,OLED,120.0,200,3,Xiaomi,HD,Dimensity 7200 ultra
Medium,6650000.0,8.0,256,6.67,AMOLED,120.0,200,3,Xiaomi,HD,Helio G99 ULTRA
Medium,4050000.0,12.0,256,6.67,OLED,120.0,50,2,Xiaomi,HD,Dimensity 7025 ultra
Medium,5450000.0,8.0,256,6.67,AMOLED,120.0,50,3,Xiaomi,HD,Dimensity 7025 ultra
Medium,4000000.0,8.0,256,6.67,AMOLED,120.0,108,3,Xiaomi,HD,Helio G99 ULTRA
Medium,4650000.0,12.0,512,6.67,AMOLED,120.0,50,3,Xiaomi,HD,Dimensity 7300 ultra
Medium,5950000.0,12.0,512,6.67,AMOLED,120.0,200,3,Xiaomi,HD,Helio G100 ULTRA
Medium,6750000.0,16.0,512,6.67,AMOLED,120.0,50,3,Xiaomi,HD,Snapdragon 7
Medium,3050000.0,3.0,32,6.3,IPS LCD,60.0,48,2,Xiaomi,HD,Snapdragon 660
Medium,3700000.0,6.0,128,6.3,IPS LCD,60.0,48,2,Xiaomi,HD,Snapdragon 675
Medium,3350000.0,6.0,128,6.3,IPS LCD,60.0,48,4,Xiaomi,HD,Snapdragon 665
Medium,5200000.0,6.0,128,6.53,IPS LCD,60.0,64,4,Xiaomi,HD,Helio G90
Medium,3950000.0,8.0,256,6.53,IPS LCD,60.0,64,4,Xiaomi,HD,Helio G90
Medium,4550000.0,8.0,256,6.53,"IPS LCD, 450 nits (typ)",60.0,48,3,Xiaomi,HD,Dimensity 800
Medium,5950000.0,8.0,128,6.67,IPS LCD,60.0,48,4,Xiaomi,HD,Snapdragon 720g
Medium,5450000.0,8.0,256,6.67,IPS LCD,120.0,108,4,Xiaomi,HD,Snapdragon 750g
Medium,5250000.0,16.0,1024,6.67,AMOLED,120.0,50,2,Xiaomi,HD,Snapdragon 8
High,9350000.0,16.0,512,6.67,AMOLED,120.0,50,2,Xiaomi,HD,Snapdragon 8
Medium,7450000.0,16.0,512,6.67,AMOLED,120.0,50,2,Xiaomi,HD,Dimensity 8400 ultra
High,8050000.0,16.0,1024,6.67,LTPO AMOLED,120.0,50,2,Xiaomi,HD,Snapdragon 8
Low,1790000.0,3.0,64,6.52,IPS LCD,60.0,13,3,ZTE,HD,Sc986 3a
Low,2990000.0,8.0,256,6.6,IPS LCD,60.0,50,2,ZTE,HD,Unisoc t606
Medium,3550000.0,8.0,256,6.67,OLED,90.0,64,3,ZTE,HD,Snapdragon 870
Medium,4950000.0,6.0,128,6.9,OLED,120.0,50,2,ZTE,HD,Snapdragon 7 gen 1
High,10450000.0,12.0,512,6.9,OLED,120.0,50,2,ZTE,HD,Dimensity 7300
Medium,4950000.0,12.0,512,6.72,IPS LCD,120.0,108,3,ZTE,HD,Unisoc t820 8
Low,2150000.0,4.0,128,6.7,IPS LCD,120.0,50,1,ZTE,HD,Unisoc t7200 8
Medium,4450000.0,8.0,256,6.72,IPS LCD,120.0,50,2,ZTE,HD,Tiger t820 8
Medium,5050000.0,8.0,512,6.72,IPS LCD,120.0,50,2,ZTE,HD,Snapdragon 7
Medium,5690000.0,12.0,256,6.8,AMOLED,120.0,50,2,ZTE,HD,Unisoc t9100 8
Premium,16950000.0,12.0,512,6.85,AMOLED,144.0,50,3,ZTE,HD,Snapdragon 8 e
Premium,17050000.0,12.0,512,6.8,AMOLED,120.0,50,3,ZTE,HD,Snapdragon 8 gen 3
High,12150000.0,16.0,1024,6.78,AMOLED,120.0,50,3,ZTE,HD,Snapdragon 8 gen 2
High,9650000.0,16.0,1024,6.67,AMOLED,144.0,64,2,ZTE,HD,Snapdragon 8 gen 2
High,13450000.0,16.0,1024,6.8,AMOLED,120.0,64,3,ZTE,HD,Snapdragon 8 gen 2
High,10500000.0,16.0,1024,6.8,AMOLED,120.0,50,3,ZTE,HD,Snapdragon 8 gen 2
High,14850000.0,16.0,1024,6.8,AMOLED,120.0,64,3,ZTE,HD,Snapdragon 8 gen 3
High,12950000.0,16.0,1024,6.8,AMOLED,120.0,64,3,ZTE,HD,Snapdragon 8 gen 3
High,14790000.0,16.0,512,6.8,AMOLED,120.0,64,3,ZTE,HD,Snapdragon 8 gen 3
Premium,16150000.0,24.0,1024,6.85,AMOLED,144.0,64,3,ZTE,HD,Snapdragon 8 e
