price,ram,internal_memory,screen_size,screen_tech,refresh_rate,camera_main_resolution,camera_count,brand,price_category,screen_resolution_k,chip_model
14490000.0,12.0,256,6.78,AMOLED,60.0,50,3,Asus,High,HD,Snapdragon 8
11950000.0,12.0,1024,6.59,AMOLED,120.0,48,2,Asus,High,HD,Snapdragon 855
10750000.0,12.0,256,6.59,AMOLED,144.0,64,3,Asus,High,HD,Snapdragon 865
11450000.0,16.0,512,6.59,AMOLED,144.0,64,3,Asus,High,HD,Snapdragon 865
14450000.0,16.0,512,6.78,AMOLED,144.0,64,3,Asus,High,HD,Snapdragon 888
13950000.0,16.0,256,6.78,AMOLED,144.0,64,3,Asus,High,HD,Snapdragon 888
9950000.0,16.0,256,6.78,AMOLED,165.0,50,3,Asus,High,HD,Dimensity 9000
12450000.0,16.0,512,6.78,AMOLED,165.0,50,3,Asus,High,HD,Dimensity 9000
8950000.0,16.0,512,6.78,AMOLED,165.0,50,3,Asus,High,HD,Snapdragon 8 gen 1
11550000.0,18.0,512,6.78,AMOLED,165.0,50,3,Asus,High,HD,Snapdragon 8 gen 1
14450000.0,16.0,512,6.78,AMOLED,165.0,50,3,Asus,High,HD,Snapdragon 8 gen 2
31550000.0,16.0,512,6.78,AMOLED,165.0,50,3,Asus,Premium,HD,Snapdragon 8 gen 2
15450000.0,24.0,1024,6.78,LTPO AMOLED,165.0,50,6,Asus,Premium,HD,Snapdragon 8 gen 3
19950000.0,24.0,1024,6.78,AMOLED,165.0,50,3,Asus,Premium,HD,Snapdragon 8 gen 3
17650000.0,16.0,512,6.78,LTPO AMOLED,165.0,50,3,Asus,Premium,HD,Snapdragon 8 e
22450000.0,16.0,256,6.78,LTPO SAMSUNG Flexible AMOLED,165.0,50,3,Asus,Premium,HD,Snapdragon 8 gen 3
27950000.0,24.0,1024,6.78,LTPO AMOLED,165.0,50,3,Asus,Premium,HD,Snapdragon 8 e
20490000.0,16.0,512,5.92,Super AMOLED,144.0,50,2,Asus,Premium,HD,Snapdragon 8 gen 2
25950000.0,16.0,512,6.78,LTPO AMOLED,144.0,50,3,Asus,Premium,HD,Snapdragon 8 gen 3
26950000.0,16.0,512,6.78,LTPO AMOLED,144.0,50,3,Asus,Premium,HD,Snapdragon 8 e
16450000.0,16.0,256,5.9,Super AMOLED,120.0,50,2,Asus,Premium,HD,Snapdragon 8 gen 1
3990000.0,8.0,256,6.78,IPS LCD,120.0,108,3,Infinix,Medium,HD,Helio G99
2890000.0,8.0,256,6.56,IPS LCD,90.0,50,1,Infinix,Low,HD,Unisoc t606
2290000.0,4.0,128,6.56,IPS LCD,90.0,50,1,Infinix,Low,HD,Unisoc t606
4890000.0,8.0,256,6.78,AMOLED,60.0,50,2,Infinix,Medium,HD,Helio G100
3790000.0,8.0,256,6.78,IPS LCD,120.0,50,2,Infinix,Medium,HD,Helio G100
5790000.0,8.0,256,6.78,AMOLED,120.0,108,3,Infinix,Medium,HD,Helio G99
2790000.0,8.0,128,6.6,IPS LCD,90.0,50,1,Itel,Low,HD,Unisoc t606
2690000.0,8.0,128,6.6,IPS LCD,90.0,50,2,Itel,Low,HD,Unisoc t606
3290000.0,8.0,128,6.56,IPS LCD,120.0,50,1,Itel,Medium,HD,Helio G99
3990000.0,12.0,256,6.56,IPS LCD,60.0,50,1,Itel,Medium,HD,Helio G99
3590000.0,8.0,256,6.56,IPS LCD,120.0,50,1,Itel,Medium,HD,Helio G99
7090000.0,8.0,256,6.67,Super AMOLED,60.0,50,1,Nothing,Medium,HD,Dimensity 7300
7990000.0,12.0,256,6.7,Flexible AMOLED On-cell,120.0,50,2,Nothing,Medium,HD,Dimensity 7200 pro
8890000.0,12.0,256,6.7,Flexible AMOLED On-cell,120.0,50,2,Nothing,High,HD,Dimensity 7350 pro
6790000.0,8.0,128,6.7,Flexible AMOLED On-cell,120.0,50,2,Nothing,Medium,HD,Dimensity 7200 pro
1990000.0,4.0,128,6.6,IPS LCD,90.0,50,1,Nubia,Low,HD,Sc986 3a
3990000.0,8.0,128,6.8,IPS LCD,60.0,50,2,Nubia,Medium,HD,Unisoc t8100
2690000.0,6.0,256,6.6,IPS LCD,90.0,50,2,Nubia,Low,HD,Unisoc t606
2990000.0,4.0,64,6.56,IPS LCD,90.0,8,2,OPPO,Low,HD,Helio G85
6090000.0,8.0,256,6.67,LCD,90.0,50,1,OPPO,Medium,HD,Snapdragon 6
4590000.0,6.0,128,6.67,LCD,90.0,50,1,OPPO,Medium,HD,Snapdragon 6
3990000.0,4.0,128,6.67,LCD,60.0,8,1,OPPO,Medium,HD,Snapdragon 6
8490000.0,8.0,256,6.7,AMOLED,120.0,64,3,OPPO,High,HD,Dimensity 7050
9490000.0,12.0,256,6.7,AMOLED,120.0,50,3,OPPO,High,HD,Dimensity 7300
7490000.0,8.0,256,6.7,AMOLED,120.0,50,3,OPPO,Medium,HD,Dimensity 6300
8790000.0,8.0,256,6.67,AMOLED,120.0,50,3,OPPO,High,HD,Helio G100
10790000.0,12.0,256,6.67,AMOLED,120.0,50,3,OPPO,High,HD,Snapdragon 6 gen1
7690000.0,8.0,256,6.67,OLED,120.0,50,2,Realme,Medium,HD,Dimensity 7300
3390000.0,6.0,256,6.74,IPS LCD,90.0,50,2,Realme,Medium,HD,Unisoc t612
1690000.0,4.0,64,6.74,IPS LCD,90.0,13,2,Realme,Low,HD,Unisoc t612
3790000.0,6.0,128,6.745,IPS LCD,90.0,50,2,Realme,Medium,HD,Tiger t612
2890000.0,4.0,128,6.745,IPS LCD,90.0,50,2,Realme,Low,HD,Tiger t612
4430000.0,8.0,128,6.67,IPS LCD,60.0,50,1,Realme,Medium,HD,Helio G85
3990000.0,8.0,256,6.67,IPS LCD,60.0,50,1,Realme,Medium,HD,Helio G85
4890000.0,8.0,256,6.745,IPS LCD,90.0,50,1,Realme,Medium,HD,Tiger t612
4290000.0,8.0,128,6.72,IPS LCD,90.0,108,2,Realme,Medium,HD,Snapdragon 685
2790000.0,4.0,128,6.74,IPS LCD,60.0,13,2,Realme,Low,HD,Tiger t612
3190000.0,4.0,64,6.74,IPS LCD,90.0,32,1,Realme,Medium,HD,Unisoc t612
1990000.0,3.0,64,6.74,LCD,90.0,8,1,Realme,Low,HD,Unisoc t612
9290000.0,12.0,512,6.67,AMOLED,120.0,200,3,Xiaomi,High,HD,Snapdragon 7
3190000.0,6.0,128,6.7,PLS LCD,90.0,50,3,Samsung,Medium,HD,Snapdragon 680
3990000.0,4.0,128,6.7,PLS LCD,90.0,50,2,Samsung,Medium,HD,Dimensity 6300
2990000.0,4.0,128,6.7,PLS LCD,60.0,50,2,Samsung,Low,HD,Helio G85
4590000.0,4.0,128,6.7,Super AMOLED,90.0,50,3,Samsung,Medium,HD,Helio G99
6790000.0,8.0,128,6.7,Super AMOLED,60.0,50,3,Samsung,Medium,HD,Exynos 1380
7990000.0,8.0,128,6.7,Super AMOLED,120.0,50,3,Samsung,Medium,HD,Snapdragon 6 gen 3
9490000.0,8.0,128,6.7,Super AMOLED,120.0,50,3,Samsung,High,HD,Exynos 1580
5890000.0,6.0,128,6.5,Super AMOLED,60.0,50,3,Samsung,Medium,HD,Dimensity 6100
8490000.0,8.0,256,6.6,Super AMOLED,120.0,50,2,Samsung,High,HD,Exynos 1380
9190000.0,12.0,256,6.7,Super AMOLED Plus,120.0,50,3,Samsung,High,HD,Snapdragon 7 gen 1
11890000.0,8.0,256,6.4,Dynamic AMOLED 2X,120.0,50,3,Samsung,High,HD,Exynos 2200 8
13490000.0,8.0,128,6.7,Dynamic AMOLED,120.0,50,2,Samsung,High,HD,Exynos 2400
25990000.0,12.0,512,6.7,Dynamic AMOLED 2X,120.0,50,3,Samsung,Premium,FHD,Snapdragon 8 e
37190000.0,12.0,1024,6.9,Dynamic AMOLED 2X,120.0,200,4,Samsung,Premium,FHD,Snapdragon 8 e
27990000.0,12.0,256,6.9,Dynamic AMOLED 2X,120.0,200,4,Samsung,Premium,FHD,Snapdragon 8 e
25490000.0,12.0,256,6.5,OLED,120.0,52,4,Sony,Premium,HD,Snapdragon 8 gen 3
8750000.0,8.0,128,6.1,OLED,120.0,48,3,Sony,High,HD,Snapdragon 6 gen 1
5690000.0,12.0,256,6.78,AMOLED,120.0,50,2,Tecno,Medium,HD,Helio G99
3590000.0,8.0,256,6.78,AMOLED,120.0,100,1,Tecno,Medium,HD,G10 0
4290000.0,6.0,128,6.67,IPS LCD,60.0,108,1,Tecno,Medium,HD,D630 0
4590000.0,8.0,256,6.78,AMOLED,60.0,108,1,Tecno,Medium,HD,Helio G100
1990000.0,4.0,128,6.67,IPS LCD,120.0,50,0,Tecno,Low,HD,Helio G81
2190000.0,4.0,64,6.67,IPS LCD,60.0,13,1,Tecno,Low,HD,Unisoc t615
2090000.0,4.0,64,6.67,IPS LCD,120.0,13,1,Tecno,Low,HD,Unisoc t615
6990000.0,12.0,256,6.78,AMOLED,120.0,50,2,Vivo,Medium,HD,Snapdragon 6 gen 1
2890000.0,4.0,128,6.56,LCD,60.0,13,4,Vivo,Low,HD,Helio G85
3190000.0,4.0,128,6.56,LCD,90.0,13,4,Vivo,Medium,HD,T61 2
3190000.0,4.0,64,6.56,LCD,90.0,13,4,Vivo,Medium,HD,T61 2
2990000.0,4.0,64,6.74,LCD,60.0,13,4,Vivo,Low,HD,Unisoc t7225 8
3790000.0,6.0,128,6.74,LCD,60.0,13,4,Vivo,Medium,HD,Unisoc t7225 8
3190000.0,4.0,64,6.56,IPS LCD,90.0,50,2,Vivo,Medium,HD,Helio G85
2890000.0,6.0,128,6.56,IPS LCD,90.0,50,4,Vivo,Low,HD,Helio G85
4590000.0,8.0,128,6.68,LCD,90.0,50,2,Vivo,Medium,HD,T61 2
5090000.0,8.0,128,6.67,IPS LCD,60.0,50,2,Vivo,Medium,HD,Helio G85
5790000.0,8.0,256,6.64,IPS LCD,90.0,50,2,Vivo,Medium,HD,Snapdragon 680
31990000.0,16.0,512,6.73,AMOLED,120.0,200,4,Xiaomi,Premium,FHD,Snapdragon 8 e
21990000.0,12.0,256,6.36,CrystalRes AMOLED,120.0,50,3,Xiaomi,Premium,HD,Snapdragon 8 e
2390000.0,4.0,128,6.71,IPS LCD,90.0,8,1,Xiaomi,Low,HD,Helio G36
7790000.0,8.0,256,6.67,AMOLED,120.0,200,3,Xiaomi,Medium,HD,Snapdragon 7
6290000.0,8.0,256,6.67,AMOLED,120.0,200,3,Xiaomi,Medium,HD,Helio G99ULTRA
7290000.0,8.0,256,6.67,AMOLED,60.0,108,3,Xiaomi,Medium,HD,Dimensity 7025 ultra
9690000.0,8.0,256,6.67,AMOLED,120.0,200,3,Xiaomi,High,HD,Snapdragon 7
4590000.0,6.0,128,6.67,AMOLED,120.0,108,3,Xiaomi,Medium,HD,Helio G99ULTRA
2190000.0,4.0,128,6.75,IPS LCD,60.0,13,1,ZTE,Low,HD,A1 Bionic
1990000.0,4.0,64,6.75,IPS LCD,60.0,13,1,ZTE,Low,HD,A1 Bionic
2290000.0,6.0,128,6.67,IPS LCD,60.0,48,3,ZTE,Low,HD,Unisoc t618
2650000.0,6.0,128,5.81,OLED,60.0,12,1,Google,Low,HD,Snapdragon 730g
3150000.0,6.0,128,6.2,OLED,60.0,16,2,Google,Medium,HD,Snapdragon 765g
4450000.0,6.0,128,6.3,P-OLED,90.0,16,2,Google,Medium,FHD,Snapdragon 855
3750000.0,6.0,128,6.34,OLED,60.0,16,2,Google,Medium,HD,Snapdragon 765g
6250000.0,6.0,128,6.1,OLED,60.0,12,2,Google,Medium,HD,Tensor 8
7250000.0,12.0,512,6.7,LTPO AMOLED,120.0,50,3,Google,Medium,FHD,Tensor 8
11950000.0,8.0,256,6.3,AMOLED,90.0,50,2,Google,High,HD,Tensor G2
10550000.0,8.0,128,6.1,OLED,90.0,64,2,Google,High,HD,Tensor G2
18990000.0,12.0,512,6.7,LTPO AMOLED,120.0,50,3,Google,Premium,FHD,Tensor G2
12690000.0,8.0,256,6.1,OLED,120.0,64,2,Google,High,HD,Tensor G3
17050000.0,8.0,256,6.2,OLED,120.0,50,2,Google,Premium,HD,Tensor G3
24390000.0,12.0,256,6.7,LTPO OLED,120.0,50,3,Google,Premium,HD,Tensor G3
20050000.0,12.0,256,6.3,OLED,120.0,50,2,Google,Premium,HD,Tensor G4
24950000.0,16.0,1024,6.3,LTPO OLED,120.0,50,3,Google,Premium,HD,Tensor G4
42250000.0,16.0,512,8.0,Foldable LTPO OLED | Màn phụ: OLED,120.0,48,3,Google,Premium,2K,Tensor G4
27550000.0,16.0,1024,6.8,LTPO OLED,120.0,50,3,Google,Premium,HD,Tensor G4
39890000.0,12.0,512,7.6,OLED,120.0,48,3,Google,Premium,FHD,Tensor G2
12950000.0,12.0,512,6.7,AMOLED,120.0,50,3,Honor,High,HD,Snapdragon 7 gen 3
6450000.0,6.0,128,6.26,IPS LCD,60.0,48,3,Honor,Medium,HD,Kirin 810
7450000.0,16.0,512,6.7,AMOLED,120.0,50,2,Honor,Medium,HD,Snapdragon 7 gen 3
11950000.0,16.0,512,6.78,AMOLED,120.0,50,3,Honor,High,HD,Snapdragon 8 gen 3
14750000.0,16.0,1024,6.78,AMOLED,120.0,50,3,Honor,High,HD,Snapdragon 8 gen 3
8050000.0,16.0,512,6.7,AMOLED,120.0,50,2,Honor,High,HD,Snapdragon 7 gen 4
11950000.0,16.0,512,6.78,AMOLED,120.0,50,3,Honor,High,HD,Snapdragon 8 gen 3
14950000.0,16.0,1024,6.78,OLED,120.0,50,3,Honor,High,HD,Snapdragon 8 e
7950000.0,8.0,265,6.67,OLED,120.0,64,1,Honor,Medium,HD,Dimensity 900
9550000.0,12.0,512,6.67,OLED,120.0,160,3,Honor,High,HD,Snapdragon 782g
12350000.0,12.0,512,6.78,OLED,120.0,54,3,Honor,High,HD,Dimensity 8000
11050000.0,12.0,512,6.78,OLED,120.0,200,3,Honor,High,HD,Snapdragon 8 gen 1
8450000.0,12.0,256,6.67,OLED,120.0,64,3,Honor,High,HD,Dimensity 900
4950000.0,6.0,128,6.59,IPS LCD,60.0,48,2,Honor,Medium,HD,Kirin 810
7650000.0,16.0,1024,6.7,AMOLED,120.0,50,2,Honor,Medium,HD,Snapdragon 8 gen 3
11950000.0,16.0,1024,6.7,AMOLED,120.0,50,3,Honor,High,HD,Snapdragon 8 e
15750000.0,16.0,1024,6.78,LTPO OLED,120.0,50,3,Honor,Premium,HD,Snapdragon 8 e
19950000.0,16.0,1024,6.8,LTPO OLED,120.0,200,3,Honor,Premium,HD,Snapdragon 8 e
27950000.0,24.0,1024,6.8,LTPO OLED,120.0,200,3,Honor,Premium,HD,Snapdragon 8 e
23450000.0,12.0,512,6.81,LTPO OLED,120.0,50,3,Honor,Premium,HD,Snapdragon 8 gen 1
25950000.0,12.0,512,6.81,LTPO OLED,120.0,64,3,Honor,Premium,HD,Snapdragon 8 gen 1
29700000.0,16.0,1024,7.92,Foldable LTPO OLED (màn hình chính) | LTPO OLED (màn hình phụ),120.0,50,3,Honor,Premium,2K,Snapdragon 8 gen 2
34950000.0,16.0,1024,7.92,Foldable LTPO AMOLED (màn chính) | LTPO OLED (màn phụ),120.0,50,3,Honor,Premium,2K,Snapdragon 8 gen 3
23450000.0,16.0,512,7.92,Foldable LTPO OLED | Màn phụ: LTPO OLED,120.0,50,3,Honor,Premium,2K,Snapdragon 8 gen 1
28450000.0,12.0,512,7.9,Foldable OLED | OLED,90.0,54,3,Honor,Premium,FHD,Snapdragon 8 gen 1
4250000.0,12.0,256,6.8,TFT LCD,90.0,50,2,Honor,Medium,HD,Dimensity 6020
3990000.0,12.0,256,6.8,TFT LCD,90.0,50,2,Honor,Medium,HD,Dimensity 6080
5450000.0,12.0,512,6.7,AMOLED,90.0,108,2,Honor,Medium,HD,Dimensity 6080
2150000.0,4.0,64,6.56,TFT LCD,90.0,13,1,Honor,Low,HD,Helio G36
2950000.0,4.0,1258,6.56,TFT LCD,90.0,50,1,Honor,Low,HD,Helio G36
2050000.0,4.0,128,6.56,TFT LCD,90.0,50,2,Honor,Low,HD,Helio G36
2450000.0,6.0,256,6.56,TFT LCD,90.0,50,2,Honor,Low,HD,Helio G85
3450000.0,8.0,256,6.77,IPS LCD,120.0,108,2,Honor,Medium,HD,Snapdragon 685
7650000.0,8.0,512,6.7,AMOLED,90.0,108,3,Honor,Medium,HD,Snapdragon 680
4450000.0,8.0,512,6.7,AMOLED,120.0,108,2,Honor,Medium,HD,Snapdragon 685
6450000.0,8.0,256,6.67,AMOLED,120.0,64,3,Honor,Medium,HD,Snapdragon 695
7990000.0,12.0,512,6.78,AMOLED,120.0,108,2,Honor,Medium,HD,Snapdragon 6 gen 1
6990000.0,12.0,256,6.8,TFT LCD,120.0,108,2,Honor,Medium,HD,Dimensity 7025 ultra
14490000.0,8.0,256,6.53,"OLED, 16 triệu màu",60.0,40,3,Huawei,High,HD,Kirin 990
17990000.0,8.0,128,6.1,"OLED, cảm ứng điện dung 16.7 triệu màu",60.0,40,3,Huawei,Premium,HD,Kirin 980
3890000.0,3.0,32,5.5,IPS LCD,60.0,12,2,Huawei,Medium,HD,Kirin 655
16950000.0,8.0,256,7.2,OLED,60.0,40,3,Huawei,Premium,HD,Kirin 980
5800000.0,4.0,64,5,IPS LCD,60.0,16,2,Huawei,Medium,HD,Kirin 659
6950000.0,8.0,128,6.4,IPS LCD,60.0,24,4,Huawei,Medium,HD,Kirin 710
9950000.0,8.0,128,6.39,OLED,60.0,48,4,Huawei,High,HD,Kirin 980
26550000.0,16.0,1024,6.3,Foldable LTPO2 OLED (màn chính) | LTPO2 OLED (màn phụ),120.0,50,4,Huawei,Premium,HD,Kirin 9020 8
5690000.0,8.0,256,6.67,AMOLED,120.0,108,3,Infinix,Medium,HD,Dimensity 8050
6950000.0,12.0,256,6.78,AMOLED,144.0,108,3,Infinix,Medium,HD,Dimensity 8200
7950000.0,12.0,256,6.78,AMOLED,144.0,108,2,Infinix,Medium,HD,Dimensity 8300
7250000.0,12.0,256,6.67,AMOLED,120.0,108,3,Infinix,Medium,HD,Dimensity 8050
7650000.0,12.0,256,6.67,AMOLED,120.0,108,3,Infinix,Medium,HD,Dimensity 8050
6990000.0,12.0,256,6.78,AMOLED,144.0,108,3,Infinix,Medium,HD,Dimensity 8020
9490000.0,4.0,128,6.1,IPS LCD,60.0,12,1,Apple,High,HD,A13 Bionic
7990000.0,4.0,64,6.1,IPS LCD,60.0,12,1,Apple,Medium,HD,A13 Bionic
9990000.0,4.0,128,6.1,OLED,60.0,12,2,Apple,High,HD,A14 Bionic
27590000.0,6.0,256,6.7,OLED,60.0,12,3,Apple,Premium,HD,A14 Bionic
23490000.0,6.0,128,6.7,OLED,60.0,12,3,Apple,Premium,HD,A14 Bionic
24990000.0,6.0,128,6.1,OLED,60.0,12,3,Apple,Premium,HD,A14 Bionic
7990000.0,4.0,64,6.1,OLED,60.0,12,2,Apple,Medium,HD,A14 Bionic
14990000.0,4.0,256,6.1,Super Retina XDR OLED,60.0,12,2,Apple,High,HD,A15 Bionic
25500000.0,4.0,512,6.1,Super Retina XDR OLED,60.0,12,2,Apple,Premium,HD,A15 Bionic
24490000.0,6.0,256,6.1,Super Retina XDR OLED,120.0,12,3,Apple,Premium,HD,A15 Bionic
23990000.0,6.0,256,6.7,Super Retina XDR OLED,120.0,12,3,Apple,Premium,HD,A15 Bionic
22990000.0,6.0,128,6.7,Super Retina XDR OLED,120.0,12,3,Apple,Premium,HD,A15 Bionic
21990000.0,6.0,128,6.1,Super Retina XDR OLED,120.0,12,3,Apple,Premium,HD,A15 Bionic
11590000.0,4.0,128,6.1,Super Retina XDR OLED,60.0,12,2,Apple,High,HD,A15 Bionic
15990000.0,6.0,256,6.1,OLED,60.0,12,2,Apple,Premium,HD,A15 Bionic
19990000.0,6.0,256,6.7,Super Retina XDR OLED,60.0,12,2,Apple,Premium,HD,A15 Bionic
17990000.0,6.0,128,6.7,Super Retina XDR OLED,60.0,12,2,Apple,Premium,HD,A15 Bionic
24990000.0,6.0,256,6.1,Super Retina XDR OLED,120.0,48,3,Apple,Premium,HD,A16 Bionic
41790000.0,6.0,1024,6.7,Super Retina XDR OLED,120.0,48,3,Apple,Premium,HD,A16 Bionic
27990000.0,6.0,256,6.7,Super Retina XDR OLED,120.0,48,3,Apple,Premium,HD,A16 Bionic
25590000.0,6.0,128,6.7,Super Retina XDR OLED,120.0,48,3,Apple,Premium,HD,A16 Bionic
22990000.0,6.0,128,6.1,Super Retina XDR OLED,120.0,48,3,Apple,Premium,HD,A16 Bionic
12990000.0,6.0,128,6.1,OLED,60.0,12,2,Apple,High,HD,A15 Bionic
18990000.0,6.0,256,6.1,Super Retina XDR OLED,60.0,48,2,Apple,Premium,HD,A16 Bionic
22790000.0,6.0,256,6.7,Super Retina XDR OLED,60.0,48,2,Apple,Premium,HD,A16 Bionic
19490000.0,6.0,128,6.7,Super Retina XDR OLED,60.0,48,2,Apple,Premium,HD,A16 Bionic
30990000.0,8.0,512,6.7,Super Retina XDR OLED,120.0,48,3,Apple,Premium,HD,A17 Bionic
15790000.0,6.0,128,6.1,Super Retina XDR OLED,60.0,48,2,Apple,Premium,HD,A16 Bionic
22490000.0,12.0,256,6.1,Super Retina XDR OLED,60.0,48,2,Apple,Premium,HD,A18 Bionic
25890000.0,12.0,256,6.7,Super Retina XDR OLED,60.0,48,2,Apple,Premium,HD,A18 Bionic
29490000.0,12.0,512,6.7,Super Retina XDR OLED,60.0,48,2,Apple,Premium,HD,A18 Bionic
22490000.0,12.0,128,6.7,Super Retina XDR OLED,60.0,48,2,Apple,Premium,HD,A18 Bionic
39990000.0,12.0,1024,6.3,Super Retina XDR OLED,120.0,48,3,Apple,Premium,HD,A18 Bionic
28590000.0,12.0,256,6.3,Super Retina XDR OLED,120.0,48,3,Apple,Premium,HD,A18 Bionic
34690000.0,12.0,512,6.3,Super Retina XDR OLED,120.0,48,3,Apple,Premium,HD,A18 Bionic
42990000.0,12.0,1024,6.9,Super Retina XDR OLED,120.0,48,3,Apple,Premium,HD,A18 Bionic
37490000.0,12.0,512,6.9,Super Retina XDR OLED,120.0,48,3,Apple,Premium,HD,A18 Bionic
30990000.0,12.0,256,6.9,Super Retina XDR OLED,120.0,48,3,Apple,Premium,HD,A18 Bionic
25290000.0,12.0,128,6.3,Super Retina XDR OLED,120.0,48,3,Apple,Premium,HD,A18 Bionic
19190000.0,12.0,128,6.1,Super Retina XDR OLED,60.0,48,2,Apple,Premium,HD,A18 Bionic
19390000.0,12.0,256,6.1,Super Retina XDR,60.0,48,4,Apple,Premium,HD,A18 Bionic
25490000.0,12.0,512,6.1,Super Retina XDR,60.0,48,4,Apple,Premium,HD,A18 Bionic
16290000.0,12.0,128,6.1,Super Retina XDR,60.0,48,4,Apple,Premium,HD,A18 Bionic
9600000.0,4.0,256,6.1,Liquid Retina IPS LCD,60.0,12,2,Apple,High,HD,A13 Bionic
28550000.0,6.0,512,6.7,Super Retina XDR OLED,60.0,12,3,Apple,Premium,HD,A14 Bionic
17450000.0,4.0,512,6.1,Super Retina,60.0,12,2,Apple,Premium,HD,A15 Bionic
20950000.0,6.0,1024,6.7,Super Retina,120.0,12,3,Apple,Premium,HD,A15 Bionic
21450000.0,6.0,128,6.1,Super Retina XDR OLED,60.0,12,2,Apple,Premium,HD,A15 Bionic
24850000.0,6.0,1024,6.1,LTPO Super Retina XDR OLED,120.0,48,3,Apple,Premium,HD,A16 Bionic
18650000.0,6.0,512,6.1,Super Retina XDR OLED,60.0,48,2,Apple,Premium,HD,A16 Bionic
22350000.0,6.0,512,6.7,Super Retina XDR OLED,60.0,48,2,Apple,Premium,HD,A16 Bionic
28999000.0,8.0,1024,6.1,LTPO Super Retina XDR OLED,120.0,48,3,Apple,Premium,HD,A17 Bionic
25450000.0,8.0,1024,6.7,LTPO Super Retina XDR OLED,120.0,48,3,Apple,Premium,HD,A17 Bionic
16990000.0,8.0,512,6.1,Super Retina XDR OLED,60.0,48,1,Apple,Premium,HD,A18 Bionic
20950000.0,8.0,512,6.1,Super Retina XDR OLED,60.0,48,2,Apple,Premium,HD,A18 Bionic
24950000.0,8.0,512,6.7,Super Retina XDR OLED,60.0,48,2,Apple,Premium,HD,A18 Bionic
27500000.0,8.0,1024,6.3,LTPO Super Retina XDR OLED,120.0,48,3,Apple,Premium,HD,A18 Bionic
34800000.0,8.0,1024,6.9,LTPO Super Retina XDR OLED,120.0,48,3,Apple,Premium,HD,A18 Bionic
3950000.0,3.0,32,5.5,IPS LCD,60.0,12,1,Apple,Medium,HD,A10 Bionic
12950000.0,8.0,512,6.1,Super Retina XDR OLED,60.0,48,1,Apple,High,HD,A18 Bionic
2390000.0,8.0,128,6.6,IPS LCD,90.0,50,1,Itel,Low,HD,Unisoc t606
2850000.0,4.0,128,6.6,IPS LCD,90.0,50,2,Itel,Low,HD,Dimensity 6080
2950000.0,8.0,256,6.78,AMOLED,60.0,50,2,Itel,Low,HD,Tiger t616 8
10250000.0,12.0,512,6.55,OLED,144.0,50,3,Meizu,High,HD,Snapdragon 8 gen 2
10450000.0,16.0,512,6.55,OLED,144.0,50,3,Meizu,High,HD,Snapdragon 8 gen 2
13650000.0,12.0,256,6.81,LTPO OLED,120.0,50,3,Meizu,High,FHD,Snapdragon 8 gen 2
11750000.0,12.0,512,6.55,AMOLED,120.0,200,3,Meizu,High,HD,Snapdragon 8 gen 3
9150000.0,16.0,512,6.78,LTPO OLED,144.0,50,2,Meizu,High,HD,Snapdragon 8 gen 2
17150000.0,16.0,1024,6.79,LTPO AMOLED,120.0,50,3,Meizu,Premium,HD,Snapdragon 8 gen 3
3250000.0,4.0,128,5.2,Super AMOLED,60.0,12,1,Meizu,Medium,HD,Helio p25
4450000.0,6.0,128,5.7,Super AMOLED,60.0,12,1,Meizu,Medium,FHD,Helio x30
12250000.0,8.0,256,6.6,P-OLED,144.0,50,2,Motorola,High,HD,Dimensity 7030
12950000.0,12.0,256,6.7,OLED,144.0,50,3,Motorola,High,HD,Snapdragon 8 gen 1
10350000.0,12.0,256,6.55,P-OLED,144.0,50,2,Motorola,High,HD,Dimensity 7030
9050000.0,12.0,512,6.7,OLED,144.0,50,3,Motorola,High,HD,Snapdragon 7 gen 3
16860000.0,8.0,512,6.67,OLED,165.0,50,3,Motorola,Premium,HD,Snapdragon 8 gen 2
10950000.0,12.0,256,6.7,OLED,144.0,50,3,Motorola,High,HD,Snapdragon 8 gen1
3790000.0,4.0,128,6.5,IPS LCD,60.0,50,2,Motorola,Medium,HD,Tiger t616 8
3950000.0,8.0,128,6.5,IPS LCD,120.0,50,2,Motorola,Medium,HD,Dimensity 7020
5850000.0,12.0,256,6.5,P-OLED,120.0,50,2,Motorola,Medium,HD,Snapdragon 695
4820000.0,4.0,128,6.5,IPS LCD,120.0,48,2,Motorola,Medium,HD,Snapdragon 480
7250000.0,6.0,256,6.6,LTPS LCD,120.0,50,2,Motorola,Medium,HD,Snapdragon 6 gen 1
12450000.0,12.0,128,6.7,OLED,165.0,50,3,Motorola,High,HD,Snapdragon 8 gen 2
13250000.0,12.0,256,6.9,Foldable LTPO AMOLED,144.0,64,2,Motorola,High,HD,Snapdragon 7 gen 1
18850000.0,12.0,512,6.9,Foldable LTPO AMOLED | AMOLED,165.0,13,2,Motorola,Premium,HD,Snapdragon 8 gen 1
19950000.0,12.0,512,6.6,P-OLED,144.0,50,3,Motorola,Premium,HD,Snapdragon 8 gen 1
4950000.0,8.0,256,6.67,AMOLED,120.0,50,2,Nothing,Medium,HD,Dimensity 7300
25750000.0,16.0,512,8,Foldable LTPO AMOLED,120.0,50,3,Nothing,Premium,2.5K,Dimensity 9400
9950000.0,12.0,256,6.55,OLED,120.0,50,2,Nothing,High,HD,Snapdragon 778g
14190000.0,12.0,512,6.7,OLED,120.0,50,2,Nothing,High,HD,Snapdragon 8 gen 1
7150000.0,12.0,256,6.7,AMOLED,120.0,50,2,Nothing,Medium,HD,Dimensity 7200 pro
8450000.0,12.0,256,6.7,AMOLED,120.0,50,2,Nothing,High,HD,Dimensity 7350 pro
14990000.0,12.0,512,6.5,LTPO OLED,120.0,50,2,Nothing,High,HD,Snapdragon 8
7050000.0,12.0,256,6.77,AMOLED,120.0,50,3,Nothing,Medium,HD,Snapdragon 7
7950000.0,12.0,256,6.7,AMOLED,120.0,50,2,Nothing,Medium,HD,Dimensity 7350 pro
8450000.0,12.0,256,6.77,AMOLED,120.0,50,3,Nothing,High,HD,Snapdragon 7
4690000.0,8.0,256,6.72,IPS LCD,120.0,50,2,Nubia,Medium,HD,Unisoc t820
3990000.0,8.0,256,6.6,IPS LCD,120.0,50,1,Nubia,Medium,HD,Unisoc t820
3650000.0,8.0,256,6.6,ISP LCD,120.0,50,2,Nubia,Medium,HD,Unisoc t820 8
21500000.0,24.0,1024,6.85,AMOLED,144.0,50,3,Nubia,Premium,HD,Snapdragon 8 e
6050000.0,16.0,256,6.65,"AMOLED, Full HD+ (1080x2340 pixels) - 144Hz",144.0,64,3,Nubia,Medium,HD,Snapdragon 865
6900000.0,16.0,256,6.65,AMOLED,144.0,64,3,Nubia,Medium,HD,Snapdragon 865
7450000.0,12.0,256,6.8,AMOLED,144.0,64,4,Nubia,Medium,HD,Snapdragon 888
7950000.0,18.0,512,6.8,AMOLED,165.0,64,3,Nubia,Medium,HD,Snapdragon 888
6950000.0,12.0,256,6.8,AMOLED,165.0,64,3,Nubia,Medium,HD,Snapdragon 888
11750000.0,18.0,512,6.8,AMOLED,165.0,64,3,Nubia,High,HD,Snapdragon 8 gen 1
11950000.0,18.0,1024,6.8,AMOLED,120.0,64,3,Nubia,High,HD,Snapdragon 8 gen 1
8450000.0,18.0,512,6.8,AMOLED,165.0,64,3,Nubia,High,HD,Snapdragon 8 gen1
11450000.0,16.0,1024,6.8,AMOLED,120.0,64,3,Nubia,High,HD,Snapdragon 8 gen1
12250000.0,12.0,512,6.8,AMOLED,120.0,50,3,Nubia,High,HD,Snapdragon 8 gen 2
12250000.0,24.0,1024,6.8,AMOLED,120.0,50,3,Nubia,High,HD,Snapdragon 8 gen 2
21550000.0,24.0,1024,6.8,AMOLED,120.0,50,3,Nubia,Premium,HD,Snapdragon 8 gen 2
13450000.0,16.0,128,6.8,AMOLED,165.0,50,3,Nubia,High,HD,Snapdragon 8 gen 2
12450000.0,12.0,512,6.8,AMOLED,120.0,50,3,Nubia,High,HD,Snapdragon 8 gen 2
14250000.0,16.0,1024,6.8,AMOLED,120.0,50,3,Nubia,High,HD,Snapdragon 8 gen 2
19950000.0,12.0,512,6.8,AMOLED,120.0,50,3,Nubia,Premium,HD,Snapdragon 8 gen 2
13000000.0,12.0,512,6.8,AMOLED,120.0,50,3,Nubia,High,HD,Snapdragon 8 gen 3
18450000.0,24.0,256,6.8,AMOLED,120.0,50,3,Nubia,Premium,HD,Snapdragon 8 gen 3
22790000.0,16.0,512,6.8,AMOLED,120.0,50,3,Nubia,Premium,HD,Snapdragon 8 gen 3
15990000.0,8.0,128,6.7,Fluid AMOLED,120.0,50,3,OnePlus,Premium,FHD,Snapdragon 8 gen 2
18990000.0,16.0,256,6.7,Super Fluid AMOLED,120.0,50,3,OnePlus,Premium,FHD,Snapdragon 8 gen 2
15950000.0,16.0,256,6.7,Fluid AMOLED,120.0,50,3,OnePlus,Premium,HD,Snapdragon 8 gen 1
17450000.0,12.0,256,6.7,LTPO2 Fluid AMOLED,120.0,50,3,OnePlus,Premium,FHD,Snapdragon 8 gen 1
11050000.0,16.0,256,6.74,Fluid AMOLED,120.0,50,3,OnePlus,High,HD,Snapdragon 8 gen 1
12950000.0,16.0,512,6.7,LTPO3 AMOLED,120.0,50,3,OnePlus,High,FHD,Snapdragon 8 gen 2
11450000.0,16.0,128,6.78,LTPO4 AMOLED,120.0,50,3,OnePlus,High,HD,Snapdragon 8 gen 2
14950000.0,24.0,1024,6.82,LTPO AMOLED,120.0,64,3,OnePlus,High,FHD,Snapdragon 8 gen 3
12790000.0,16.0,512,6.78,LTPO 4.1 AMOLED,120.0,50,3,OnePlus,High,HD,Snapdragon 8 gen 3
13950000.0,24.0,1024,6.82,LTPO AMOLED,120.0,50,3,OnePlus,High,FHD,Snapdragon 8 e
12950000.0,16.0,1024,6.31,LTPO OLED,120.0,50,2,OnePlus,High,HD,Snapdragon 8 e
9450000.0,6.0,128,6.41,Optic AMOLED,60.0,48,2,OnePlus,High,HD,Snapdragon 855
13550000.0,8.0,256,6.67,Fluid AMOLED,60.0,48,3,OnePlus,High,FHD,Snapdragon 855
8750000.0,8.0,128,6.55,Fluid AMOLED,90.0,48,3,OnePlus,High,HD,Snapdragon 865
9550000.0,12.0,256,6.55,"Fluid AMOLED, 120Hz, HDR10+",60.0,48,4,OnePlus,High,HD,Snapdragon 865
15050000.0,8.0,128,6.78,Super AMOLED,120.0,48,4,OnePlus,Premium,FHD,Snapdragon 865
12450000.0,12.0,256,6.62,AMOLED,120.0,50,3,OnePlus,High,HD,Snapdragon 888
9350000.0,12.0,256,6.55,Fluid AMOLED,120.0,48,4,OnePlus,High,HD,Snapdragon 870
10950000.0,12.0,256,6.55,"Fluid AMOLED, 120Hz, HDR10+",120.0,50,3,OnePlus,High,HD,Snapdragon 888
5950000.0,12.0,512,6.7,OLED,120.0,50,3,OnePlus,Medium,HD,Dimensity 8100max
7550000.0,16.0,512,6.74,AMOLED,120.0,64,3,OnePlus,Medium,HD,Dimensity 9000
9150000.0,16.0,512,6.74,AMOLED,120.0,50,3,OnePlus,High,HD,Snapdragon 8 gen 1
9850000.0,24.0,1024,6.74,AMOLED,120.0,50,3,OnePlus,High,HD,Snapdragon 8 gen 2
6250000.0,16.0,512,6.74,AMOLED,120.0,50,2,OnePlus,Medium,HD,Snapdragon 7 gen 3
8990000.0,16.0,1024,6.78,LTPO AMOLED,120.0,50,3,OnePlus,High,HD,Snapdragon 8 gen 2
11950000.0,16.0,512,6.78,LTPO AMOLED,120.0,50,3,OnePlus,High,HD,Snapdragon 8 gen 2
11450000.0,24.0,1024,6.78,LTPO AMOLED,120.0,50,3,OnePlus,High,HD,Snapdragon 8 gen 3
9950000.0,16.0,1024,6.78,LTPO AMOLED,120.0,50,2,OnePlus,High,HD,Dimensity 9300 plus
7450000.0,16.0,1024,6.74,AMOLED,120.0,50,2,OnePlus,Medium,HD,Dimensity 9300
8550000.0,16.0,1024,6.78,LTPO AMOLED,120.0,50,3,OnePlus,High,HD,Snapdragon 8 gen 3
10950000.0,16.0,1024,6.78,LTPO AMOLED,120.0,50,3,OnePlus,High,HD,Snapdragon 8 e
9950000.0,16.0,512,6.7,Fluid AMOLED,120.0,50,3,OnePlus,High,HD,Snapdragon 8 gen 1
11590000.0,16.0,256,6.74,Fluid AMOLED,120.0,50,3,OnePlus,High,HD,Dimensity 9000
9950000.0,16.0,128,6.74,Fluid AMOLED,120.0,50,2,OnePlus,High,HD,Snapdragon 7 gen 3
7450000.0,8.0,128,6.43,AMOLED,90.0,64,3,OnePlus,Medium,HD,Dimensity 900
7750000.0,12.0,256,6.7,Fluid AMOLED,120.0,50,3,OnePlus,Medium,HD,Snapdragon 782g
5950000.0,8.0,256,6.72,IPS LCD,120.0,108,3,OnePlus,Medium,HD,Snapdragon 695
7750000.0,8.0,256,6.7,Fluid AMOLED,120.0,50,2,OnePlus,Medium,HD,Snapdragon 7 gen 3
6590000.0,8.0,256,6.67,AMOLED,120.0,50,2,OnePlus,Medium,HD,Snapdragon 695
6950000.0,8.0,128,6.72,IPS LCD,120.0,108,3,OnePlus,Medium,HD,Snapdragon 695
32890000.0,16.0,256,7.82,Foldable LTPO3 Flexi-fluid AMOLED | Màn phụ: LTPO3 Super Fluid OLED,120.0,64,3,OnePlus,Premium,2K,Snapdragon 8 e
36890000.0,16.0,512,7.82,Foldable LTPO3 Flexi-fluid AMOLED | Màn phụ: LTPO3 Super Fluid OLED,120.0,64,3,OnePlus,Premium,2K,Snapdragon 8 gen 2
1990000.0,3.0,64,6.56,IPS LCD,60.0,8,1,OPPO,Low,HD,Helio G35
3290000.0,4.0,128,6.56,IPS LCD,90.0,8,2,OPPO,Medium,HD,Helio G85
4790000.0,8.0,128,6.72,LTPS LCD,60.0,50,2,OPPO,Medium,HD,Helio G85
4190000.0,6.0,128,6.56,IPS LCD,90.0,13,2,OPPO,Medium,HD,Snapdragon 680
4690000.0,8.0,128,6.56,IPS LCD,90.0,50,2,OPPO,Medium,HD,Snapdragon 680
3990000.0,8.0,256,6.43,AMOLED,90.0,50,2,OPPO,Medium,HD,Snapdragon 680
5790000.0,8.0,256,6.72,IPS LCD,60.0,64,3,OPPO,Medium,HD,Snapdragon 695
32490000.0,16.0,512,7.82,OLED,120.0,64,3,OPPO,Premium,2K,Snapdragon 8 gen 2
14490000.0,12.0,256,6.7,AMOLED,120.0,50,3,OPPO,High,FHD,Snapdragon 8 gen 1
13990000.0,8.0,256,6.4,AMOLED,90.0,50,3,OPPO,High,HD,Dimensity 1300
7990000.0,8.0,128,6.7,AMOLED,120.0,64,3,OPPO,Medium,HD,Dimensity 7050
8490000.0,8.0,256,6.7,AMOLED,120.0,64,3,OPPO,High,HD,Dimensity 7050
2820000.0,3.0,64,6.56,IPS LCD,60.0,8,1,OPPO,Low,HD,Helio G35
2450000.0,4.0,128,6.56,IPS LCD,90.0,8,2,OPPO,Low,HD,Helio G85
6450000.0,12.0,256,6.7,OLED,120.0,108,2,OPPO,Medium,HD,Snapdragon 695
2650000.0,12.0,256,6.56,IPS LCD,90.0,13,1,OPPO,Low,HD,Dimensity 6020
5990000.0,12.0,512,6.7,AMOLED,120.0,64,2,OPPO,Medium,HD,Dimensity 7050
2950000.0,6.0,128,6.56,IPS LCD,90.0,50,2,OPPO,Low,HD,Helio G85
3250000.0,12.0,256,6.67,IPS LCD,120.0,50,1,OPPO,Medium,HD,Dimensity 6300
2700000.0,8.0,512,6.67,IPS LCD,120.0,32,2,OPPO,Low,HD,Dimensity 6300
3450000.0,6.0,128,6.67,IPS LCD,90.0,8,1,OPPO,Medium,HD,Snapdragon 6
5650000.0,12.0,512,6.7,AMOLED,120.0,50,2,OPPO,Medium,HD,Snapdragon 695
4450000.0,8.0,256,6.67,IPS LCD,90.0,50,1,OPPO,Medium,HD,Snapdragon 6
4680000.0,12.0,512,6.7,AMOLED,120.0,64,2,OPPO,Medium,HD,Dimensity 7050
3650000.0,12.0,256,6.67,IPS LCD,120.0,50,2,OPPO,Medium,HD,Dimensity 6300
2150000.0,6.0,128,6.51,IPS LCD,60.0,13,3,OPPO,Low,HD,Helio p35
3700000.0,4.0,128,6.56,IPS LCD,60.0,13,2,OPPO,Medium,HD,Helio G35
3950000.0,8.0,512,6.72,IPS LCD,60.0,50,2,OPPO,Medium,HD,Helio G85
4650000.0,12.0,512,6.7,AMOLED,120.0,50,2,OPPO,Medium,HD,Snapdragon 6 gen 1
4250000.0,12.0,512,6.67,IPS LCD,90.0,50,2,OPPO,Medium,HD,Dimensity 6300
6950000.0,12.0,512,6.7,AMOLED,120.0,50,2,OPPO,Medium,HD,Dimensity 7300
4750000.0,8.0,256,6.67,IPS LCD,90.0,50,2,OPPO,Medium,HD,Snapdragon 680
4730000.0,6.0,128,6.56,IPS LCD,90.0,13,2,OPPO,Medium,HD,Snapdragon 680
6500000.0,8.0,256,6.43,"AMOLED, 90Hz",90.0,50,2,OPPO,Medium,HD,Snapdragon 680
3950000.0,8.0,128,6.43,Super AMOLED,60.0,48,4,OPPO,Medium,HD,Helio p95
5620000.0,8.0,256,6.59,IPS LCD,90.0,50,2,OPPO,Medium,HD,Snapdragon 680
7200000.0,12.0,256,6.6,"IPS LCD, 90Hz",90.0,48,2,OPPO,Medium,HD,Dimensity 810
890000.0,6.0,128,6.53,IPS LCD,60.0,48,2,OPPO,Low,HD,Helio p70
750000.0,6.0,128,6.3,IPS LCD,60.0,16,2,OPPO,Low,HD,Helio p60
26650000.0,16.0,1024,7.82,Màn hình trong: Foldable LTPO3 OLED | Màn hình ngoài: LTPO3 OLED,120.0,64,3,OPPO,Premium,2K,Snapdragon 8 gen 2
17450000.0,12.0,512,6.8,Foldable LTPO AMOLED | Màn phụ: AMOLED,120.0,50,3,OPPO,Premium,HD,Dimensity 9200
31650000.0,16.0,1024,8.12,Màn hình trong: Foldable LTPO OLED | Màn hình ngoài: LTPO OLED,120.0,50,3,OPPO,Premium,2K,Snapdragon 8 e
9450000.0,12.0,256,6.55,AMOLED,120.0,50,3,OPPO,High,HD,Snapdragon 888
21950000.0,12.0,512,6.7,LTPO2 AMOLED,120.0,50,3,OPPO,Premium,FHD,Snapdragon 8 gen 1
15750000.0,16.0,512,6.74,AMOLED,120.0,50,3,OPPO,Premium,HD,Dimensity 9200
19950000.0,16.0,512,6.82,LTPO3 AMOLED,120.0,50,3,OPPO,Premium,FHD,Snapdragon 8 gen 2
11950000.0,16.0,1024,6.78,LTPO AMOLED,120.0,64,3,OPPO,High,HD,Dimensity 9300
17250000.0,16.0,512,6.82,LTPO AMOLED,120.0,50,4,OPPO,Premium,FHD,Snapdragon 8 gen 3
26790000.0,16.0,1024,6.82,LTPO AMOLED,120.0,50,4,OPPO,Premium,FHD,Snapdragon 8 gen 3
12990000.0,16.0,256,6.31,AMOLED,120.0,50,3,OPPO,High,HD,Dimensity 9400
15450000.0,16.0,1024,6.6,AMOLED,120.0,50,3,OPPO,Premium,HD,Dimensity 9400 plus
13450000.0,16.0,1024,6.59,AMOLED,120.0,50,3,OPPO,High,HD,Dimensity 9400
17950000.0,16.0,1024,6.78,LTPO AMOLED,120.0,50,4,OPPO,Premium,HD,Dimensity 9400
15950000.0,16.0,1024,6.3,AMOLED,120.0,50,3,OPPO,Premium,HD,Dimensity 9500
16950000.0,16.0,1024,6.78,AMOLED,120.0,50,3,OPPO,Premium,HD,Dimensity 9500
19950000.0,16.0,1024,6.78,LTPO AMOLED,120.0,50,4,OPPO,Premium,HD,Dimensity 9500
24950000.0,16.0,1024,6.82,LTPO AMOLED,120.0,50,4,OPPO,Premium,FHD,Snapdragon 8 e
7150000.0,12.0,256,6.59,IPS LCD,120.0,64,3,OPPO,Medium,HD,Dimensity 8000 max
8950000.0,12.0,256,6.62,OLED,120.0,50,3,OPPO,High,HD,Snapdragon 888
4950000.0,12.0,256,6.72,IPS LCD,120.0,108,2,OPPO,Medium,HD,Snapdragon 695
6330000.0,12.0,512,6.7,AMOLED,120.0,50,3,OPPO,Medium,HD,Snapdragon 782g
6350000.0,12.0,512,6.7,AMOLED,120.0,50,2,OPPO,Medium,HD,Snapdragon 7 gen 3
11550000.0,16.0,512,6.74,OLED,120.0,50,3,OPPO,High,HD,Dimensity 8200
12950000.0,16.0,512,6.74,OLED,120.0,64,3,OPPO,High,HD,Snapdragon 8 gen 1
6950000.0,12.0,512,6.7,OLED,120.0,50,3,OPPO,Medium,HD,Dimensity 8200
8950000.0,8.0,256,6.7,AMOLED,120.0,64,3,OPPO,High,HD,Dimensity 7050
9950000.0,12.0,512,6.74,OLED,120.0,50,3,OPPO,High,HD,Snapdragon 8 gen 1
6150000.0,16.0,512,6.7,AMOLED,120.0,50,3,OPPO,Medium,HD,Dimensity 8250
8350000.0,12.0,256,6.67,AMOLED,120.0,50,3,OPPO,High,HD,Dimensity 6300
12250000.0,16.0,512,6.7,AMOLED,120.0,50,3,OPPO,High,HD,Dimensity 9200
8950000.0,16.0,1024,6.59,AMOLED,120.0,50,2,OPPO,High,HD,Dimensity 8350
7990000.0,12.0,256,6.67,AMOLED,120.0,50,3,OPPO,Medium,HD,Snapdragon 6 gen 1
6990000.0,8.0,256,6.67,AMOLED,120.0,50,3,OPPO,Medium,HD,Helio G100
11950000.0,16.0,1024,6.83,AMOLED,120.0,50,3,OPPO,High,HD,Dimensity 8350
9750000.0,8.0,128,6.43,AMOLED,90.0,64,3,OPPO,High,HD,Dimensity 900
7550000.0,8.0,256,6.4,AMOLED,60.0,64,3,OPPO,Medium,HD,Dimensity 800
9450000.0,8.0,256,6.43,AMOLED,90.0,64,3,OPPO,High,HD,Dimensity 900
17450000.0,12.0,256,6.5,AMOLED,90.0,50,3,OPPO,Premium,HD,Dimensity 1200 max
7950000.0,8.0,128,6.43,OLED,60.0,64,3,OPPO,Medium,HD,Snapdragon 695
7080000.0,8.0,256,6.4,AMOLED,90.0,50,3,OPPO,Medium,HD,Dimensity 1300
12950000.0,12.0,256,6.7,AMOLED,120.0,50,3,OPPO,High,HD,Dimensity 8100max
6950000.0,12.0,256,6.7,OLED,120.0,108,3,OPPO,Medium,HD,Snapdragon 695
9250000.0,12.0,256,6.7,AMOLED,120.0,64,2,OPPO,High,HD,Snapdragon 778g
12750000.0,16.0,512,6.7,AMOLED,120.0,50,2,OPPO,High,HD,Dimensity 8100max
14550000.0,16.0,512,6.7,AMOLED,120.0,50,3,OPPO,High,HD,Snapdragon 8 gen 1
9050000.0,8.0,256,6.5,AMOLED,60.0,48,4,OPPO,High,HD,Snapdragon 730g
7500000.0,8.0,128,6.5,Amoled,90.0,48,4,OPPO,Medium,HD,Snapdragon 765g
8450000.0,8.0,256,6.67,OLED,120.0,64,3,Xiaomi,High,HD,Dimensity 1200
7790000.0,8.0,256,6.7,AMOLED,120.0,100,2,Realme,Medium,HD,Dimensity 7050
4590000.0,8.0,128,6.4,Super AMOLED,90.0,108,2,Realme,Medium,HD,Helio G99
2390000.0,4.0,128,6.74,IPS LCD,90.0,50,2,Realme,Low,HD,Unisoc t612
3750000.0,8.0,256,6.74,IPS LCD,90.0,50,1,Realme,Medium,HD,Tiger t612
3480000.0,6.0,128,6.72,IPS LCD,90.0,64,2,Realme,Medium,HD,Helio G88
4250000.0,8.0,256,6.6,IPS LCD,90.0,50,1,Realme,Medium,HD,Dimensity 810
3950000.0,8.0,256,6.6,IPS LCD,90.0,50,2,Realme,Medium,HD,Dimensity 700
3950000.0,12.0,256,6.72,IPS LCD,120.0,108,2,Realme,Medium,HD,Snapdragon 695
4750000.0,12.0,256,6.7,AMOLED,120.0,108,3,Realme,Medium,HD,Dimensity 1080
7950000.0,8.0,256,6.4,Super AMOLED,90.0,108,2,Realme,Medium,HD,Helio G99
3250000.0,12.0,256,6.43,Super AMOLED,90.0,64,2,Realme,Medium,HD,Dimensity 6020
5950000.0,12.0,512,6.7,AMOLED,120.0,100,2,Realme,Medium,HD,Dimensity 7050
7150000.0,12.0,1024,6.7,AMOLED,120.0,200,3,Realme,Medium,HD,Dimensity 7050
4850000.0,12.0,512,6.67,IPS LCD,120.0,50,2,Realme,Medium,HD,Dimensity 6100
4490000.0,8.0,128,6.72,IPS LCD,120.0,108,2,Realme,Medium,HD,Dimensity 6100
5550000.0,8.0,256,6.72,IPS LCD,90.0,108,2,Realme,Medium,HD,Snapdragon 685
5950000.0,8.0,256,6.67,AMOLED,120.0,50,3,Realme,Medium,HD,Dimensity 7050
5450000.0,12.0,256,6.7,AMOLED,120.0,50,3,Realme,Medium,HD,Snapdragon 6 gen 1
8950000.0,12.0,256,6.7,AMOLED,120.0,64,3,Realme,High,HD,Snapdragon 7
5350000.0,8.0,256,6.72,IPS LCD,120.0,50,1,Realme,Medium,HD,Dimensity 6300
6850000.0,12.0,256,6.67,AMOLED,120.0,50,1,Realme,Medium,HD,Dimensity 7300
5250000.0,12.0,256,6.67,AMOLED,120.0,50,1,Realme,Medium,HD,Dimensity 7300
7350000.0,12.0,512,6.7,AMOLED,120.0,50,2,Realme,Medium,HD,Snapdragon 7
6950000.0,12.0,512,6.7,AMOLED,120.0,50,3,Realme,Medium,HD,Snapdragon 7
4490000.0,8.0,128,6.67,IPS LCD,120.0,50,1,Realme,Medium,HD,Dimensity 6300
3950000.0,12.0,256,6.72,IPS LCD,120.0,50,1,Realme,Medium,HD,Dimensity 7025 ultra
7350000.0,12.0,256,6.77,OLED,120.0,50,2,Realme,Medium,HD,Dimensity 7300
4550000.0,12.0,512,6.72,AMOLED,120.0,50,2,Realme,Medium,HD,Snapdragon 7
8250000.0,12.0,512,6.83,OLED,120.0,50,3,Realme,High,HD,Snapdragon 7
3850000.0,4.0,64,6.3,IPS LCD,60.0,16,2,Realme,Medium,HD,Snapdragon 710
6600000.0,4.0,64,6.5,IPS LCD,90.0,64,3,Realme,Medium,HD,Helio G90
6600000.0,6.0,64,6.6,IPS LCD,90.0,64,4,Realme,Medium,HD,Snapdragon 720g
5450000.0,8.0,128,6.4,Super AMOLED,90.0,108,3,Realme,Medium,HD,Snapdragon 680
9450000.0,8.0,256,6.4,Super AMOLED,90.0,50,3,Realme,High,HD,Dimensity 920
6450000.0,8.0,128,6.6,IPS LCD,120.0,64,3,Realme,Medium,HD,Snapdragon 695
2450000.0,4.0,64,6.52,IPS LCD,60.0,8,1,Realme,Low,HD,Sc9863a 8 
2250000.0,3.0,32,6.5,IPS LCD,60.0,8,1,Realme,Low,HD,Tiger t612 8
2020000.0,4.0,64,6.5,IPS LCD,60.0,8,1,Realme,Low,HD,Sc9863a 8 
2750000.0,4.0,128,6.5,IPS LCD,60.0,50,2,Realme,Low,HD,Tiger t612 8
3250000.0,6.0,128,6.6,IPS LCD,60.0,50,3,Realme,Medium,HD,Tiger t616 8
2750000.0,6.0,128,6.74,IPS LCD,90.0,50,2,Realme,Low,HD,Tiger t612 8
3015000.0,4.0,64,6.7,IPS LCD,90.0,50,2,Realme,Medium,HD,Tiger t612 8
4250000.0,6.0,128,6.74,IPS LCD,90.0,50,1,Realme,Medium,HD,Tiger t612 8
4050000.0,8.0,256,6.72,IPS LCD,90.0,64,2,Realme,Medium,HD,Helio G88
3150000.0,8.0,256,6.75,IPS LCD,90.0,50,1,Realme,Medium,HD,Tiger t612 8
3150000.0,6.0,128,6.67,IPS LCD,120.0,50,1,Realme,Medium,HD,Dimensity 6300
3650000.0,8.0,256,6.72,IPS LCD,90.0,50,1,Realme,Medium,HD,Helio G85
4150000.0,8.0,256,6.72,IPS LCD,90.0,108,2,Realme,Medium,HD,Snapdragon 685
3850000.0,6.0,128,6.72,IPS LCD,120.0,50,2,Realme,Medium,HD,Dimensity 6100
6450000.0,8.0,512,6.72,IPS LCD,90.0,50,1,Realme,Medium,HD,Helio G92 MAX
15450000.0,16.0,1024,6.74,AMOLED,144.0,50,3,Realme,Premium,HD,Snapdragon 8 gen 1
9150000.0,24.0,1024,6.74,AMOLED,144.0,50,3,Realme,High,HD,Snapdragon 8 gen 2
11550000.0,16.0,1024,6.78,AMOLED,144.0,50,3,Realme,High,HD,Snapdragon 8 gen 3
8450000.0,16.0,512,6.78,LTPO AMOLED,120.0,50,2,Realme,High,HD,Snapdragon 8 gen 3
11450000.0,16.0,512,6.78,LTPO AMOLED,120.0,50,2,Realme,High,HD,Snapdragon 8 e
12650000.0,16.0,1024,6.78,LTPO AMOLED,120.0,50,3,Realme,High,HD,Snapdragon 8 e
10850000.0,16.0,512,6.78,LTPO AMOLED (Samsung),120.0,50,2,Realme,High,HD,Snapdragon 8 e
15450000.0,16.0,1024,6.78,LTPO AMOLED,120.0,50,3,Realme,Premium,FHD,Snapdragon 8 e
8250000.0,12.0,256,6.62,AMOLED,120.0,50,3,Realme,High,HD,Snapdragon 888
8450000.0,12.0,256,6.7,OLED,120.0,50,3,Realme,High,HD,Snapdragon 8 gen 1
15450000.0,12.0,256,6.7,LTPO AMOLED,120.0,50,3,Realme,Premium,FHD,Snapdragon 8 gen 1
6450000.0,12.0,512,6.7,LTPO AMOLED,120.0,50,3,Realme,Medium,FHD,Snapdragon 8 gen 1
8150000.0,12.0,256,6.43,Super AMOLED,120.0,64,3,Realme,High,HD,Snapdragon 888
9550000.0,12.0,128,6.78,LTPO AMOLED,120.0,50,2,Realme,High,HD,Snapdragon 7 gen 3
6450000.0,12.0,512,6.78,LTPO AMOLED,120.0,50,2,Realme,Medium,HD,Dimensity 8400 max
6950000.0,8.0,256,6.43,Super AMOLED,120.0,64,3,Realme,Medium,HD,Snapdragon 778g
6250000.0,8.0,128,6.43,"Super AMOLED, 120Hz",120.0,64,3,Realme,Medium,HD,Dimensity 1200
4950000.0,12.0,256,6.43,Super AMOLED,120.0,64,3,Realme,Medium,HD,Dimensity 1200
5650000.0,8.0,256,6.62,AMOLED,120.0,64,3,Realme,Medium,HD,Snapdragon 870
5450000.0,12.0,256,6.7,AMOLED,120.0,50,3,Realme,Medium,HD,Dimensity 8100
5650000.0,12.0,256,6.7,AMOLED,120.0,50,3,Realme,Medium,HD,Dimensity 8100
6550000.0,16.0,512,6.74,AMOLED,144.0,50,3,Realme,Medium,HD,Snapdragon 8 gen 1
5620000.0,12.0,256,6.74,OLED,144.0,64,3,Realme,Medium,HD,Snapdragon 7 gen 1
9950000.0,16.0,1024,6.74,AMOLED,144.0,50,3,Realme,High,HD,Snapdragon 8 gen 2
5550000.0,16.0,1024,6.74,OLED,144.0,64,3,Realme,Medium,HD,Snapdragon 7 gen 2
9450000.0,16.0,1024,6.74,AMOLED,144.0,50,3,Realme,High,HD,Snapdragon 8 gen 1
6950000.0,16.0,1024,6.78,LTPO AMOLED,120.0,50,2,Realme,Medium,HD,Snapdragon 8
5750000.0,16.0,512,6.78,LTPO AMOLED,120.0,50,2,Realme,Medium,HD,Snapdragon 7 gen 3
6750000.0,8.0,128,6.43,"Super AMOLED, 120Hz",120.0,64,3,Realme,Medium,HD,Dimensity 1200
3150000.0,4.0,128,6.58,IPS LCD,60.0,50,3,Realme,Medium,HD,Tiger t612 8
2600000.0,4.0,64,6.5,IPS LCD,60.0,8,1,Realme,Low,HD,Sc9863a 8 
4450000.0,6.0,128,6.6,IPS LCD,120.0,50,3,Realme,Medium,HD,Helio G96
3760000.0,6.0,128,6.72,IPS LCD,120.0,50,2,Realme,Medium,HD,Dimensity 6100
5150000.0,8.0,256,6.43,Super AMOLED,90.0,64,2,Realme,Medium,HD,Dimensity 6020
6880000.0,12.0,1024,6.7,AMOLED,120.0,100,2,Realme,Medium,HD,Dimensity 7050
3650000.0,6.0,128,6.72,IPS LCD,120.0,50,2,Realme,Medium,HD,Dimensity 6100
4650000.0,8.0,128,6.67,AMOLED,120.0,50,2,Realme,Medium,HD,Dimensity 7050
5690000.0,8.0,256,6.67,AMOLED,120.0,50,3,Realme,Medium,HD,Dimensity 7050
4950000.0,12.0,256,6.67,OLED,120.0,50,2,Realme,Medium,HD,Dimensity 7300
3250000.0,6.0,128,6.67,IPS LCD,120.0,50,1,Realme,Medium,HD,Dimensity 6300
4450000.0,12.0,512,6.67,AMOLED,120.0,50,1,Realme,Medium,HD,Snapdragon 6 gen 4
7950000.0,16.0,1024,6.78,LTPO AMOLED,120.0,50,2,Realme,Medium,HD,Dimensity 9300 plus
6650000.0,16.0,512,6.78,LTPO OLED,120.0,50,2,Realme,Medium,HD,Dimensity 8400 max
2290000.0,4.0,128,6.74,IPS LCD,90.0,13,2,Realme,Low,HD,Tiger t612 8
2650000.0,4.0,64,6.74,IPS LCD,90.0,8,1,Realme,Low,HD,Tiger t612 8
2250000.0,8.0,256,6.74,IPS LCD,90.0,32,1,Realme,Low,HD,Tiger t612 8
4850000.0,8.0,256,6.67,AMOLED,120.0,50,2,Realme,Medium,HD,Dimensity 7050
4650000.0,8.0,256,6.7,AMOLED,120.0,50,2,Realme,Medium,HD,Snapdragon 6 gen 1
4850000.0,12.0,512,6.7,OLED,120.0,50,2,Realme,Medium,HD,Snapdragon 7
5050000.0,8.0,256,6.67,AMOLED,120.0,50,2,Realme,Medium,HD,Snapdragon 6 gen 4
7050000.0,12.0,256,6.83,AMOLED,120.0,50,2,Realme,Medium,HD,Snapdragon 7
3550000.0,4.0,128,6.5,IPS LCD,60.0,13,3,Realme,Medium,HD,Dimensity 720
2550000.0,6.0,128,6.5,IPS LCD,120.0,48,3,Realme,Low,HD,Dimensity 800
5250000.0,8.0,256,6.4,"Super AMOLED, 600 nits (peak)",60.0,48,4,Realme,Medium,HD,Dimensity 800
3650000.0,6.0,128,6.5,"IPS LCD, 90Hz, 600 nits",90.0,48,3,Realme,Medium,HD,Dimensity 700
4650000.0,8.0,256,6.6,IPS LCD,144.0,48,3,Realme,Medium,HD,Snapdragon 778g
3450000.0,8.0,128,6.5,IPS LCD,120.0,48,3,Realme,Medium,HD,Snapdragon 750g
5750000.0,8.0,256,6.43,Super AMOLED,120.0,64,3,Realme,Medium,HD,Dimensity 1100
5850000.0,8.0,128,6.43,Super AMOLED,120.0,64,3,Realme,Medium,HD,Snapdragon 768g
4450000.0,6.0,128,6.58,IPS LCD,90.0,13,2,Realme,Medium,HD,Dimensity 810
3450000.0,8.0,256,6.6,IPS LCD,120.0,50,3,Realme,Medium,HD,Snapdragon 695
3650000.0,8.0,256,6.62,AMOLED,120.0,64,3,Realme,Medium,HD,Snapdragon 870
3650000.0,4.0,128,6.3,IPS LCD,60.0,48,4,Realme,Medium,HD,Snapdragon 712
5150000.0,6.0,128,6.5,IPS LCD,60.0,13,2,Realme,Medium,HD,Dimensity 700
4750000.0,8.0,128,6.4,"Super AMOLED, 430 nits (typ), 600 nits (peak)",60.0,64,3,Realme,Medium,HD,Dimensity 800
7450000.0,12.0,256,6.6,IPS LCD,120.0,64,3,Realme,Medium,HD,Snapdragon 695
3650000.0,8.0,128,6.5,IPS LCD,60.0,13,3,Realme,Medium,HD,Dimensity 720
2650000.0,8.0,256,6.72,IPS LCD,120.0,13,2,Realme,Low,HD,Dimensity 6100
4950000.0,8.0,128,6.5,IPS LCD,90.0,48,4,Realme,Medium,HD,Dimensity 720
2750000.0,8.0,256,6.67,IPS LCD,120.0,32,1,Realme,Low,HD,Dimensity 6300
5150000.0,12.0,512,6.67,IPS LCD,120.0,50,1,Realme,Medium,HD,Dimensity 6300
2950000.0,8.0,256,6.67,IPS LCD,120.0,32,1,Realme,Low,HD,Dimensity 6300
4650000.0,6.0,64,6.4,Super AMOLED,60.0,64,4,Realme,Medium,HD,Snapdragon 730g
7450000.0,64.0,64,6.5,Super AMOLED,60.0,64,4,Realme,Medium,HD,Snapdragon 855
5450000.0,6.0,128,6.57,IPS LCD,120.0,48,4,Realme,Medium,HD,Snapdragon 765g
5000000.0,6.0,256,6.57,IPS LCD,120.0,64,4,Realme,Medium,HD,Snapdragon 765g
5750000.0,6.0,128,6.67,IPS LCD,120.0,64,4,Realme,Medium,HD,Snapdragon 765g
12050000.0,6.0,128,6.44,Super AMOLED,60.0,64,3,Realme,High,HD,Snapdragon 865
5450000.0,8.0,128,6.4,AMOLED,180.0,64,4,Realme,Medium,HD,Dimensity 800
6450000.0,8.0,256,6.55,Super AMOLED,120.0,64,4,Realme,Medium,HD,Dimensity 1000
3750000.0,4.0,64,6.53,AMOLED,60.0,48,2,Realme,Medium,HD,Snapdragon 710
3250000.0,4.0,64,6.3,IPS LCD,60.0,16,2,Realme,Medium,HD,Snapdragon 710
2790000.0,4.0,128,6.7,IPS LCD,60.0,50,2,Samsung,Low,HD,Helio G85
4190000.0,4.0,128,6.6,PLS TFT LCD,60.0,50,4,Samsung,Medium,HD,Exynos 850 8
4200000.0,4.0,128,6.6,IPS LCD,90.0,50,3,Samsung,Medium,HD,Dimensity 700
4290000.0,8.0,128,6.5,Super AMOLED,90.0,50,3,Samsung,Medium,HD,G9 9
4150000.0,4.0,128,6.6,IPS LCD,60.0,50,4,Samsung,Medium,HD,Snapdragon 695
3600000.0,4.0,128,6.6,PLS TFT LCD,90.0,50,4,Samsung,Medium,HD,Snapdragon 680
5390000.0,6.0,128,6.5,Super AMOLED,120.0,50,3,Samsung,Medium,HD,Exynos 1280 8
6490000.0,6.0,128,6.4,Super AMOLED,90.0,64,4,Samsung,Medium,HD,Helio G80
7290000.0,6.0,128,6.4,Super AMOLED,90.0,48,4,Samsung,Medium,HD,Exynos 1280 8
7090000.0,8.0,128,6.6,Super AMOLED,120.0,48,3,Samsung,Medium,HD,Dimensity 1080
6790000.0,8.0,128,6.6,Super AMOLED,120.0,50,3,Samsung,Medium,HD,Exynos 1380
7990000.0,8.0,64,6.5,Super AMOLED,60.0,48,3,Samsung,Medium,HD,Exynos 9611 8
10990000.0,8.0,128,6.5,Super AMOLED,120.0,64,4,Samsung,High,HD,Snapdragon 778g
7890000.0,8.0,256,6.4,Super AMOLED,120.0,50,3,Samsung,Medium,HD,Exynos 1380
7390000.0,8.0,128,6.4,Super AMOLED,120.0,50,3,Samsung,Medium,HD,Exynos 1380
8490000.0,8.0,128,6.6,Super AMOLED,120.0,50,3,Samsung,High,HD,Exynos 1480 4
12990000.0,8.0,256,6.7,Super AMOLED Plus,120.0,108,4,Samsung,High,HD,Snapdragon 778g
4490000.0,4.0,128,6.6,PLS LCD,90.0,50,3,Samsung,Medium,HD,Exynos 1330
5890000.0,8.0,128,6.5,Super AMOLED,120.0,50,3,Samsung,Medium,HD,Exynos 1280
26990000.0,12.0,256,6.8,Dynamic AMOLED QHD+ Infinity-O,60.0,16,3,Samsung,Premium,FHD,Exynos 9825
13800000.0,8.0,256,6.3,Dynamic AMOLED FHD+ Infinity-O,60.0,16,3,Samsung,High,HD,Exynos 9825
32990000.0,12.0,256,6.9,Dynamic AMOLED,90.0,108,3,Samsung,Premium,FHD,Exynos 990
8800000.0,8.0,128,6.4,Dynamic AMOLED 2X,120.0,12,3,Samsung,High,HD,Exynos 2100
8110000.0,8.0,256,6.4,Dynamic AMOLED 2X,120.0,12,3,Samsung,High,HD,Exynos 2100
11690000.0,6.0,128,6.4,Dynamic AMOLED 2X,120.0,12,3,Samsung,High,HD,Exynos 2100
28990000.0,8.0,256,6.7,Dynamic AMOLED,60.0,64,3,Samsung,Premium,HD,Exynos 2100 8
25990000.0,8.0,128,6.7,Dynamic AMOLED,60.0,64,3,Samsung,Premium,HD,Exynos 2100 8
30990000.0,12.0,128,6.8,Dynamic AMOLED 2X,120.0,108,4,Samsung,Premium,FHD,Exynos 2100 8
14790000.0,8.0,256,6.1,Dynamic AMOLED 2X,120.0,50,3,Samsung,High,HD,Snapdragon 8 gen 1
16990000.0,8.0,256,6.6,Dynamic AMOLED 2X,120.0,50,3,Samsung,Premium,HD,Snapdragon 8 gen 1
16990000.0,8.0,128,6.6,Dynamic AMOLED 2X,120.0,50,3,Samsung,Premium,HD,Snapdragon 8 gen 1
18990000.0,12.0,256,6.8,Dynamic AMOLED 2X,120.0,108,4,Samsung,Premium,FHD,Snapdragon 8 gen 1
36990000.0,12.0,512,6.8,Dynamic AMOLED 2X,120.0,108,4,Samsung,Premium,FHD,Snapdragon 8 gen 1
30990000.0,8.0,128,6.8,Dynamic AMOLED 2X,120.0,108,4,Samsung,Premium,FHD,Snapdragon 8 gen 1
13790000.0,8.0,128,6.1,Dynamic AMOLED 2X,120.0,50,3,Samsung,High,HD,Snapdragon 8 gen 2
14890000.0,8.0,128,6.4,Dynamic AMOLED 2X,120.0,50,3,Samsung,High,HD,Exynos 2200 8
19990000.0,8.0,256,6.6,Dynamic AMOLED 2X,120.0,50,3,Samsung,Premium,HD,Snapdragon 8 gen 2
22290000.0,12.0,512,6.8,Dynamic AMOLED 2X,120.0,200,4,Samsung,Premium,FHD,Snapdragon 8 gen 2
19490000.0,8.0,256,6.8,Dynamic AMOLED 2X,120.0,200,4,Samsung,Premium,FHD,Snapdragon 8 gen 2
24990000.0,8.0,256,6.1,Dynamic AMOLED 2X,120.0,50,3,Samsung,Premium,HD,Snapdragon 8 gen 2
21190000.0,12.0,512,6.7,Dynamic AMOLED 2X,120.0,50,3,Samsung,Premium,FHD,Exynos 2400
18990000.0,12.0,256,6.7,Dynamic AMOLED 2X,120.0,50,3,Samsung,Premium,FHD,Exynos 2400
44490000.0,12.0,1024,6.8,Dynamic AMOLED 2X,120.0,200,4,Samsung,Premium,FHD,Snapdragon 8 gen 3
28590000.0,12.0,512,6.8,Dynamic AMOLED 2X,120.0,200,4,Samsung,Premium,FHD,Snapdragon 8 gen 3
22990000.0,12.0,256,6.8,Dynamic AMOLED 2X,120.0,200,4,Samsung,Premium,FHD,Snapdragon 8 gen 3
16790000.0,8.0,256,6.2,Dynamic AMOLED 2X,120.0,50,3,Samsung,Premium,HD,Exynos 2400
24990000.0,8.0,128,6.7,Dynamic AMOLED 2X,120.0,12,2,Samsung,Premium,HD,Snapdragon 888
25990000.0,8.0,256,6.7,Dynamic AMOLED 2X,120.0,12,2,Samsung,Premium,HD,Snapdragon 8 gen 1
11190000.0,8.0,128,6.7,Dynamic AMOLED 2X,120.0,12,2,Samsung,High,HD,Snapdragon 8 gen 1
25990000.0,8.0,256,6.7,Dynamic AMOLED 2X,120.0,12,2,Samsung,Premium,HD,Snapdragon 8 gen 2
26990000.0,12.0,512,6.7,Dynamic AMOLED 2X,120.0,50,2,Samsung,Premium,HD,Snapdragon 8 gen 3
22490000.0,12.0,256,6.7,Dynamic AMOLED 2X,120.0,50,2,Samsung,Premium,HD,Snapdragon 8 gen 3
41990000.0,12.0,256,7.6,Dynamic AMOLED 2X,120.0,12,4,Samsung,Premium,FHD,Snapdragon 888
24490000.0,12.0,512,7.6,Dynamic AMOLED 2X,120.0,50,3,Samsung,Premium,FHD,Snapdragon 8 plus
27990000.0,12.0,256,7.6,Dynamic AMOLED 2X,120.0,50,3,Samsung,Premium,FHD,Snapdragon 8 gen 2
29990000.0,12.0,512,7.6,Dynamic AMOLED 2X,120.0,50,3,Samsung,Premium,FHD,Snapdragon 8 gen 2
45990000.0,12.0,1024,7.6,Dynamic AMOLED 2X,120.0,50,3,Samsung,Premium,FHD,Snapdragon 8 gen 3
40990000.0,12.0,512,7.6,Dynamic AMOLED 2X,120.0,50,3,Samsung,Premium,FHD,Snapdragon 8 gen 3
37990000.0,12.0,256,7.6,Dynamic AMOLED 2X,120.0,50,3,Samsung,Premium,FHD,Snapdragon 8 gen 3
2100000.0,2.0,32,6.5,PLS LCD,60.0,13,3,Samsung,Low,HD,Helio p35
1810000.0,2.0,32,6.5,PLS LCD,60.0,8,1,Samsung,Low,HD,Sc9863a 8 
2120000.0,8.0,128,6.5,PLS LCD,60.0,50,2,Samsung,Low,HD,Helio p35
2220000.0,4.0,128,6.5,PLS LCD,60.0,13,2,Samsung,Low,HD,Helio p35
2950000.0,4.0,128,6.5,PLS LCD,90.0,50,3,Samsung,Low,HD,Exynos 850 8
2750000.0,6.0,128,6.7,PLS LCD,60.0,50,3,Samsung,Low,HD,Snapdragon 680
2250000.0,6.0,128,6.7,PLS LCD,60.0,50,2,Samsung,Low,HD,Helio G85
3450000.0,3.0,32,6.2,PLS LCD,60.0,13,2,Samsung,Medium,HD,Helio p22
3450000.0,6.0,128,6.5,IPS LCD,60.0,48,4,Samsung,Medium,HD,Helio p35
2900000.0,4.0,64,6.5,"Super AMOLED, 90Hz",90.0,50,3,Samsung,Low,HD,Dimensity 700
3050000.0,6.0,128,6.6,PLS LCD,60.0,50,4,Samsung,Medium,HD,Exynos 850 8
4360000.0,8.0,128,6.6,PLS LCD,90.0,50,3,Samsung,Medium,HD,Dimensity 700
4250000.0,8.0,128,6.5,Super AMOLED,90.0,50,3,Samsung,Medium,HD,Dimensity 6100 plus
4250000.0,8.0,256,6.5,Super AMOLED,90.0,50,3,Samsung,Medium,HD,Helio G99
5990000.0,8.0,256,6.7,Super AMOLED,90.0,50,3,Samsung,Medium,HD,Dimensity 6300
4790000.0,8.0,256,6.7,Super AMOLED,90.0,50,3,Samsung,Medium,HD,Helio G99
2850000.0,3.0,32,6.5,IPS LCD,60.0,13,3,Samsung,Low,HD,Snapdragon 450
4450000.0,6.0,128,6.4,Super AMOLED,90.0,48,4,Samsung,Medium,HD,Helio G80
4300000.0,8.0,128,6.6,PLS LCD,90.0,50,4,Samsung,Medium,HD,Snapdragon 680
4950000.0,8.0,256,6.7,Super AMOLED,120.0,50,3,Samsung,Medium,HD,Exynos 1380 8
4500000.0,8.0,128,6.5,TFT LCD,60.0,48,4,Samsung,Medium,HD,Dimensity 720
5530000.0,8.0,256,6.4,Super AMOLED,90.0,48,4,Samsung,Medium,HD,Exynos 1280 5
7450000.0,8.0,256,6.6,Super AMOLED,120.0,48,3,Samsung,Medium,HD,Dimensity 1080
6950000.0,8.0,256,6.6,Super AMOLED,120.0,50,3,Samsung,Medium,HD,Exynos 1380 8
6950000.0,12.0,256,6.7,Super AMOLED,120.0,50,3,Samsung,Medium,HD,Snapdragon 6 gen 3
3450000.0,6.0,128,6.4,Super AMOLED,60.0,48,3,Samsung,Medium,HD,Exynos 9611 8
10200000.0,8.0,256,6.5,Super AMOLED,120.0,64,4,Samsung,High,HD,Snapdragon 778g
7950000.0,8.0,128,6.5,Super AMOLED,120.0,64,4,Samsung,Medium,HD,Exynos 1280 8
6950000.0,8.0,256,6.4,Super AMOLED,120.0,50,3,Samsung,Medium,HD,Exynos 1380 8
7950000.0,12.0,256,6.6,Super AMOLED,120.0,50,3,Samsung,Medium,HD,Exynos 1480 8
7850000.0,12.0,256,6.7,Super AMOLED,120.0,50,3,Samsung,Medium,HD,Exynos 1580 8
9250000.0,8.0,256,6.7,Super AMOLED+,120.0,108,4,Samsung,High,HD,Snapdragon 778g
14300000.0,6.0,128,6.7,"Dynamic AMOLED 2X, 120Hz",120.0,64,3,Samsung,High,FHD,Snapdragon 855
7050000.0,12.0,256,6.7,Super AMOLED+,120.0,50,3,Samsung,Medium,HD,Snapdragon 7 gen 1
8450000.0,8.0,256,6.7,Super AMOLED Plus,120.0,108,3,Samsung,High,HD,Exynos 1380 8
3700000.0,4.0,128,6.5,PLS IPS,90.0,48,4,Samsung,Medium,HD,Exynos 850 8
4990000.0,4.0,128,6.6,PLS LCD,90.0,50,3,Samsung,Medium,HD,Exynos 1330 8
4990000.0,8.0,256,6.5,Super AMOLED,90.0,50,3,Samsung,Medium,HD,Dimensity 6300
4300000.0,6.0,128,6.4,Super AMOLED,90.0,48,4,Samsung,Medium,HD,Helio G80
5350000.0,4.0,64,6.4,Super AMOLED,60.0,48,3,Samsung,Medium,HD,Exynos 9611
3700000.0,8.0,128,6.4,Super AMOLED,90.0,64,4,Samsung,Medium,HD,Helio G80
5550000.0,8.0,128,6.5,Super AMOLED,120.0,50,3,Samsung,Medium,HD,Exynos 1280 8
11990000.0,8.0,256,6.6,Super AMOLED,120.0,50,3,Samsung,High,HD,Exynos 1380 8
6950000.0,8.0,128,6.5,Super AMOLED,120.0,50,3,Samsung,Medium,HD,Snapdragon 888
5350000.0,8.0,128,6.7,Super AMOLED Plus,60.0,64,4,Samsung,Medium,HD,Snapdragon 730g
6450000.0,8.0,128,6.7,Super AMOLED Plus,120.0,64,3,Samsung,Medium,HD,Snapdragon 778g
4450000.0,8.0,256,6.7,Super AMOLED Plus,120.0,108,3,Samsung,Medium,HD,Exynos 1380 8
9950000.0,8.0,256,6.7,Super AMOLED Plus,120.0,50,3,Samsung,High,HD,Snapdragon 7 gen 1
6950000.0,8.0,256,6.5,Super AMOLED,120.0,12,3,Samsung,Medium,HD,Snapdragon 865
8450000.0,8.0,256,6.4,Dynamic AMOLED 2X,120.0,12,3,Samsung,High,HD,Exynos 2100 8
25450000.0,16.0,512,6.8,Dynamic AMOLED 2X,120.0,108,4,Samsung,Premium,FHD,Exynos 2100 8
15650000.0,8.0,256,6.1,Dynamic AMOLED 2X,120.0,50,3,Samsung,Premium,HD,Snapdragon 8 gen 1
18450000.0,12.0,1024,6.8,Dynamic AMOLED 2X,120.0,108,4,Samsung,Premium,FHD,Snapdragon 8 gen1
14450000.0,8.0,128,6.1,Dynamic AMOLED 2X,120.0,50,3,Samsung,High,HD,Snapdragon 8 gen 2
10950000.0,8.0,256,6.4,Dynamic AMOLED 2X,120.0,50,3,Samsung,High,HD,Exynos 2200 8
17450000.0,8.0,512,6.6,Dynamic AMOLED 2X,120.0,50,3,Samsung,Premium,HD,Snapdragon 8 gen 2
19250000.0,12.0,1024,6.8,Dynamic AMOLED 2X,120.0,200,4,Samsung,Premium,FHD,Snapdragon 8 gen 2
16950000.0,8.0,512,6.2,Dynamic LTPO AMOLED 2X,120.0,50,3,Samsung,Premium,HD,Exynos 2400 10
16950000.0,8.0,512,6.7,Dynamic AMOLED 2X,120.0,50,3,Samsung,Premium,HD,Exynos 2400
18950000.0,12.0,512,6.7,Dynamic LTPO AMOLED 2X,120.0,50,3,Samsung,Premium,FHD,Exynos 2400 10
21950000.0,12.0,1024,6.8,Dynamic LTPO AMOLED 2X,120.0,200,4,Samsung,Premium,FHD,Snapdragon 8 gen 3
22950000.0,12.0,512,6.2,Dynamic LTPO AMOLED 2X,120.0,50,3,Samsung,Premium,HD,Snapdragon 8 e
24950000.0,12.0,128,6.7,Dynamic LTPO AMOLED 2X,120.0,200,2,Samsung,Premium,HD,Snapdragon 8 e
26950000.0,12.0,512,6.7,Dynamic LTPO AMOLED 2X,120.0,50,3,Samsung,Premium,FHD,Snapdragon 8 e
25900000.0,12.0,1024,6.9,Dynamic LTPO AMOLED 2X,120.0,200,4,Samsung,Premium,FHD,Snapdragon 8 e
3450000.0,4.0,64,8.7,TFT LCD,60.0,8,1,Samsung,Medium,HD,Helio p22
14800000.0,8.0,512,6.7,Foldable Dynamic AMOLED 2X | Màn phụ: Super AMOLED,120.0,12,2,Samsung,High,HD,Snapdragon 8 gen 2
19950000.0,12.0,512,6.7,Foldable Dynamic LTPO AMOLED 2X | Màn phụ: Super AMOLED,120.0,50,2,Samsung,Premium,HD,Snapdragon 8 gen 3
24950000.0,12.0,512,6.7,Foldable Dynamic LTPO AMOLED 2X | Màn phụ: Super AMOLED,120.0,50,2,Samsung,Premium,HD,Exynos 2500
16950000.0,8.0,512,6.7,Foldable Dynamic LTPO AMOLED 2X | Màn phụ: Super AMOLED,120.0,12,2,Samsung,Premium,HD,Exynos 2400
27250000.0,12.0,1024,7.6,Chính: Foldable Dynamic AMOLED 2X | Phụ: Dynamic AMOLED 2X,120.0,50,3,Samsung,Premium,FHD,Snapdragon 8 gen 2
35950000.0,12.0,1024,7.6,Chính: Foldable Dynamic LTPO AMOLED 2X | Phụ: Dynamic LTPO AMOLED 2X,120.0,50,3,Samsung,Premium,FHD,Snapdragon 8 gen 3
34450000.0,12.0,1024,7.6,Foldable Dynamic LTPO AMOLED 2X,120.0,50,3,Samsung,Premium,FHD,Exynos 2500
51250000.0,16.0,512,8.0,Màn trong: Foldable Dynamic LTPO AMOLED 2X | Màn ngoài: Dynamic LTPO AMOLED 2X,120.0,200,3,Samsung,Premium,FHD,Snapdragon 8 gen 3
2950000.0,6.0,256,6.0,OLED,60.0,12,3,Sony,Low,HD,Snapdragon 690
10150000.0,8.0,128,6.1,OLED,60.0,48,3,Sony,High,HD,Snapdragon 6 gen 1
11250000.0,8.0,128,6.1,OLED,60.0,48,3,Sony,High,HD,Snapdragon 695
16150000.0,12.0,512,6.5,OLED,120.0,12,4,Sony,Premium,FHD,Snapdragon 888
19950000.0,12.0,512,6.5,OLED,120.0,12,4,Sony,Premium,FHD,Snapdragon 8 gen 1
38550000.0,12.0,256,6.5,LTPO OLED,120.0,48,3,Sony,Premium,HD,Snapdragon 8 gen 3
18995000.0,8.0,512,6.1,OLED,120.0,12,3,Sony,Premium,HD,Snapdragon 8 gen 1
25950000.0,8.0,256,6.1,OLED,120.0,48,2,Sony,Premium,HD,Snapdragon 8 gen 2
4990000.0,8.0,256,6.78,AMOLED,120.0,50,2,Tecno,Medium,HD,Helio G99
3890000.0,8.0,256,6.78,LCD,120.0,50,1,Tecno,Medium,HD,Helio G99
3690000.0,8.0,128,6.78,LCD,60.0,50,1,Tecno,Medium,HD,Helio G99
3990000.0,8.0,128,6.78,LCD,120.0,50,1,Tecno,Medium,HD,Helio G99
5890000.0,8.0,256,6.78,AMOLED,120.0,108,1,Tecno,Medium,HD,G9 9 
2890000.0,8.0,128,6.78,IPS LCD,60.0,50,1,Tecno,Low,HD,Helio G88
3390000.0,8.0,256,6.78,AMOLED,120.0,108,2,Tecno,Medium,HD,Helio G99
3050000.0,8.0,128,6.56,IPS LCD,90.0,50,1,Tecno,Medium,HD,Helio G85
4690000.0,8.0,256,6.67,AMOLED,60.0,64,2,Tecno,Medium,HD,Helio G85
4950000.0,8.0,256,6.67,AMOLED,60.0,64,2,Tecno,Medium,HD,Helio G85
6490000.0,8.0,512,6.67,AMOLED,120.0,108,3,Tecno,Medium,HD,Dimensity 8050
5490000.0,8.0,256,6.67,AMOLED,120.0,64,2,Tecno,Medium,HD,Helio G99
3950000.0,8.0,256,6.78,AMOLED,120.0,50,2,Tecno,Medium,HD,Helio G100
15450000.0,8.0,256,6.9,Foldable LTPO AMOLED | Màn phụ: AMOLED,120.0,64,2,Tecno,Premium,HD,Dimensity 8050
7450000.0,8.0,256,6.6,AMOLED,90.0,64,3,Tecno,Medium,HD,Dimensity 9000
8550000.0,12.0,256,6.8,AMOLED,120.0,50,3,Tecno,High,HD,Dimensity 9000
4350000.0,6.0,128,6.9,IPS LCD,90.0,50,3,Tecno,Medium,HD,Helio G88
3850000.0,8.0,128,6.82,IPS LCD,90.0,50,1,Tecno,Medium,HD,Helio G99
4250000.0,8.0,256,6.66,AMOLED,90.0,50,1,Tecno,Medium,HD,Helio G99
3450000.0,8.0,256,6.78,IPS LCD,120.0,50,2,Tecno,Medium,HD,Helio G99
4650000.0,8.0,256,6.78,IPS LCD,120.0,50,2,Tecno,Medium,HD,Dimensity 6080
5650000.0,12.0,256,6.78,AMOLED,120.0,108,2,Tecno,Medium,HD,Helio G99
3950000.0,8.0,256,6.78,IPS LCD,120.0,50,1,Tecno,Medium,HD,Helio G99
3850000.0,8.0,256,6.67,IPS LCD,120.0,108,1,Tecno,Medium,HD,Dimensity 6300
6650000.0,12.0,256,6.78,AMOLED,120.0,108,3,Tecno,Medium,HD,Dimensity 6080
3450000.0,8.0,256,6.8,IPS LCD,90.0,50,1,Tecno,Medium,HD,Helio G88
3950000.0,8.0,128,6.8,IPS LCD,90.0,50,2,Tecno,Medium,HD,Helio G88
2450000.0,8.0,128,6.6,IPS LCD,90.0,50,1,Tecno,Low,HD,Mediatek 8 
2250000.0,8.0,256,6.6,IPS LCD,90.0,50,2,Tecno,Low,HD,Helio G85
2550000.0,8.0,256,6.78,IPS LCD,120.0,108,2,Tecno,Low,HD,Helio G99
4850000.0,8.0,256,6.78,IPS LCD,120.0,108,2,Tecno,Medium,HD,Dimensity 6080
3950000.0,8.0,256,6.78,AMOLED,120.0,108,2,Tecno,Medium,HD,Helio G99
2250000.0,8.0,256,6.67,IPS LCD,120.0,50,1,Tecno,Low,HD,Helio G81
3150000.0,8.0,256,6.78,IPS LCD,90.0,64,1,Tecno,Medium,HD,Helio G91 ULTRA
3550000.0,8.0,256,6.78,AMOLED,120.0,108,1,Tecno,Medium,HD,Helio G100
2300000.0,4.0,64,6.52,IPS LCD,60.0,13,1,Tecno,Low,HD,Helio a20
2450000.0,4.0,64,6.6,IPS LCD,90.0,13,1,Tecno,Low,HD,Tiger t606 8
1890000.0,4.0,64,6.56,IPS LCD,60.0,13,1,Tecno,Low,HD,Helio a22
5690000.0,8.0,128,6.44,AMOLED,90.0,64,3,Vivo,Medium,HD,Helio G99
2990000.0,4.0,64,6.51,IPS LCD,60.0,8,1,Vivo,Low,HD,Helio p35
2990000.0,4.0,128,6.51,IPS LCD,60.0,13,2,Vivo,Low,HD,Helio p35
4290000.0,4.0,128,6.55,IPS LCD,60.0,50,2,Vivo,Medium,HD,Snapdragon 680
4990000.0,8.0,128,6.64,IPS LCD,90.0,50,2,Vivo,Medium,HD,Snapdragon 680
13050000.0,12.0,512,6.78,AMOLED,120.0,50,3,Vivo,High,HD,Snapdragon 8 gen 1
12450000.0,16.0,1024,6.78,LTPO4 AMOLED,144.0,50,3,Vivo,High,FHD,Snapdragon 8 gen 2
10450000.0,16.0,128,6.78,LTPO4 AMOLED,144.0,50,3,Vivo,High,FHD,Snapdragon 8 gen 2
17350000.0,16.0,512,6.78,LTPO4 AMOLED,144.0,50,3,Vivo,Premium,FHD,Snapdragon 8 gen 2
12950000.0,16.0,1024,6.78,AMOLED,144.0,64,3,Vivo,High,HD,Snapdragon 8 gen 3
16850000.0,16.0,1024,6.78,AMOLED,144.0,64,3,Vivo,Premium,FHD,Snapdragon 8 gen 3
13250000.0,16.0,1024,6.82,LTPO 8T AMOLED,144.0,50,3,Vivo,High,FHD,Snapdragon 8 e
12100000.0,6.0,128,6.41,Super AMOLED,60.0,48,4,Vivo,High,HD,Snapdragon 865
13550000.0,12.0,256,6.56,"AMOLED capacitive touchscreen, 16M colors",120.0,50,3,Vivo,High,HD,Snapdragon 865
12450000.0,12.0,256,6.62,AMOLED,120.0,48,3,Vivo,High,HD,Snapdragon 888
10950000.0,12.0,256,6.56,"AMOLED, 120Hz, HDR10",120.0,50,3,Vivo,High,HD,Snapdragon 888
17950000.0,12.0,512,6.78,LTPO AMOLED,120.0,50,3,Vivo,Premium,FHD,Snapdragon 888
13450000.0,12.0,256,6.78,AMOLED,120.0,50,3,Vivo,High,HD,Snapdragon 8 gen 1
19450000.0,12.0,512,6.78,LTPO AMOLED,120.0,50,3,Vivo,Premium,FHD,Snapdragon 8 gen1
10450000.0,12.0,256,6.62,"AMOLED, 120Hz",120.0,48,3,Vivo,High,HD,Snapdragon 888
5050000.0,8.0,128,6.38,Super AMOLED,60.0,12,3,Vivo,Medium,HD,Snapdragon 845
7090000.0,12.0,256,6.78,AMOLED,144.0,50,2,Vivo,Medium,HD,Snapdragon 8
8950000.0,16.0,1024,6.78,LTPO AMOLED,144.0,50,2,Vivo,High,HD,Dimensity 9400 plus
7750000.0,16.0,1024,6.78,LTPO AMOLED,144.0,50,2,Vivo,Medium,HD,Snapdragon 8 gen 3
9850000.0,16.0,1024,6.78,LTPO AMOLED,144.0,50,2,Vivo,High,HD,Dimensity 9400
8550000.0,16.0,1024,6.78,LTPO OLED,144.0,50,2,Vivo,High,HD,Snapdragon 8 e
12450000.0,16.0,1024,6.78,LTPO OLED,144.0,50,2,Vivo,High,FHD,Dimensity 9500
7550000.0,6.0,128,6.57,IPS LCD,144.0,48,3,Vivo,Medium,HD,Snapdragon 865
9450000.0,12.0,256,6.62,AMOLED,120.0,48,3,Vivo,High,HD,Snapdragon 888
7950000.0,12.0,256,6.67,IPS LCD,144.0,50,3,Vivo,Medium,HD,Snapdragon 870
7450000.0,12.0,256,6,OLED,120.0,48,3,Vivo,Medium,HD,Snapdragon 870
6750000.0,12.0,256,6.57,IPS LCD,144.0,48,3,Vivo,Medium,HD,Snapdragon 870
8450000.0,12.0,256,6.62,AMOLED,120.0,64,3,Vivo,High,HD,Snapdragon 8 gen 1
7450000.0,12.0,256,6.62,AMOLED,120.0,64,3,Vivo,Medium,HD,Snapdragon 870
9850000.0,12.0,256,6.78,AMOLED,120.0,50,3,Vivo,High,HD,Snapdragon 8 gen 1
6250000.0,8.0,256,6.38,Super AMOLED,60.0,12,3,Vivo,Medium,HD,Snapdragon 855
5950000.0,16.0,512,6.78,AMOLED,144.0,50,2,Vivo,Medium,HD,Snapdragon 8 gen 1
9950000.0,16.0,512,6.78,AMOLED,144.0,50,2,Vivo,High,HD,Dimensity 9200
7650000.0,16.0,1024,6.78,LTPO AMOLED,144.0,50,2,Vivo,Medium,HD,Dimensity 9300
7950000.0,16.0,1024,6.78,LTPO AMOLED,144.0,50,2,Vivo,Medium,HD,Snapdragon 8 gen 3
6450000.0,16.0,1024,6.78,LTPO AMOLED,144.0,50,2,Vivo,Medium,HD,Snapdragon 8 gen 2
9650000.0,16.0,1024,6.78,LTPO AMOLED,144.0,50,2,Vivo,High,HD,Dimensity 9300
10550000.0,12.0,256,6.41,Super AMOLED,60.0,48,3,Vivo,High,HD,Snapdragon 855
4050000.0,8.0,128,6.53,IPS LCD,60.0,48,3,Vivo,Medium,HD,Snapdragon 720g
3950000.0,12.0,512,6.72,IPS LCD,120.0,50,2,Vivo,Medium,HD,Snapdragon 7
5950000.0,12.0,512,6.78,AMOLED,144.0,50,2,Vivo,Medium,HD,Dimensity 8400
7150000.0,16.0,1024,6.78,AMOLED,144.0,50,2,Vivo,Medium,HD,Dimensity 8400
8450000.0,16.0,1024,6.78,AMOLED,144.0,50,2,Vivo,High,HD,Snapdragon 8
4950000.0,8.0,256,6.57,IPS LCD,120.0,48,3,Vivo,Medium,HD,Snapdragon 765g
6750000.0,8.0,256,6.57,IPS LCD - Tần số 144Hz,144.0,48,3,Vivo,Medium,HD,Dimensity 1000
5550000.0,8.0,256,6.58,"IPS LCD, HDR10, 120Hz",120.0,64,3,Vivo,Medium,HD,Snapdragon 768g
6450000.0,12.0,256,6.67,IPS LCD,120.0,64,3,Vivo,Medium,HD,Snapdragon 778g
3250000.0,8.0,128,6.51,IPS LCD,60.0,13,2,Vivo,Medium,HD,Dimensity 6020
4250000.0,8.0,256,6.64,IPS LCD,120.0,50,2,Vivo,Medium,HD,Snapdragon 695
5150000.0,12.0,256,6.64,IPS LCD,120.0,64,2,Vivo,Medium,HD,Snapdragon 782g
7050000.0,8.0,256,6.78,AMOLED,120.0,64,2,Vivo,Medium,HD,Dimensity 7200
4850000.0,12.0,256,6.64,IPS LCD,120.0,50,2,Vivo,Medium,HD,Snapdragon 6 gen 1
6150000.0,12.0,512,6.64,IPS LCD,120.0,64,2,Vivo,Medium,HD,Dimensity 8200
5450000.0,12.0,256,6.77,AMOLED,120.0,50,2,Vivo,Medium,HD,Dimensity 7300
7450000.0,12.0,256,6.77,AMOLED,120.0,50,2,Vivo,Medium,HD,Snapdragon 7 gen 3
3350000.0,12.0,256,6.72,IPS LCD,120.0,50,2,Vivo,Medium,HD,Snapdragon 6 gen 1
4450000.0,12.0,512,6.78,AMOLED,144.0,50,2,Vivo,Medium,HD,Snapdragon 7 gen 3
3250000.0,6.0,128,6.56,IPS LCD,90.0,50,2,Vivo,Medium,HD,Dimensity 6300
6050000.0,16.0,512,6.78,AMOLED,144.0,50,2,Vivo,Medium,HD,Snapdragon 8
6250000.0,16.0,512,6.78,AMOLED,144.0,50,2,Vivo,Medium,HD,Snapdragon 8
7550000.0,16.0,512,6.78,AMOLED,144.0,50,2,Vivo,Medium,HD,Dimensity 9300 plus
7050000.0,12.0,256,6.44,AMOLED,90.0,50,3,Vivo,Medium,HD,Exynos 1080
6950000.0,12.0,256,6.78,AMOLED,120.0,64,2,Vivo,Medium,HD,Dimensity 7200
9950000.0,12.0,512,6.78,AMOLED,120.0,50,2,Vivo,High,HD,Dimensity 8050
8250000.0,12.0,256,6.78,AMOLED,120.0,50,2,Vivo,High,HD,Snapdragon 778g
10250000.0,12.0,512,6.78,AMOLED,120.0,50,3,Vivo,High,HD,Dimensity 8200
7250000.0,12.0,512,6.67,AMOLED,120.0,50,2,Vivo,Medium,HD,Dimensity 7200
7950000.0,16.0,512,6.78,AMOLED,120.0,50,2,Vivo,Medium,HD,Snapdragon 7 gen 3
10150000.0,16.0,512,6.78,AMOLED,120.0,50,3,Vivo,High,HD,Dimensity 9200
8850000.0,12.0,256,6.78,AMOLED,120.0,50,2,Vivo,High,HD,Snapdragon 7 gen 3
11650000.0,16.0,512,6.78,AMOLED,120.0,50,3,Vivo,High,HD,Dimensity 9200
2500000.0,6.0,128,6.39,Super AMOLED,60.0,48,3,Vivo,Low,HD,Snapdragon 675
8150000.0,16.0,512,6.67,AMOLED,120.0,50,2,Vivo,High,HD,Snapdragon 7 gen 3
11450000.0,16.0,512,6.67,AMOLED,120.0,50,3,Vivo,High,HD,Dimensity 9300 plus
3500000.0,8.0,128,6.44,Super AMOLED,60.0,48,3,Vivo,Medium,HD,Snapdragon 712
8450000.0,12.0,256,6.44,"AMOLED, 90Hz, HDR10+",90.0,64,3,Vivo,High,HD,Dimensity 1100
7320000.0,8.0,256,6.62,AMOLED,120.0,64,3,Vivo,Medium,HD,Helio G99
7050000.0,8.0,256,6.78,AMOLED,120.0,64,2,Vivo,Medium,HD,Dimensity 7200
5990000.0,8.0,256,6.67,AMOLED,120.0,50,2,Vivo,Medium,HD,Dimensity 7200
7350000.0,8.0,256,6.77,AMOLED,120.0,50,2,Vivo,Medium,HD,Snapdragon 7 gen 3
9450000.0,12.0,128,6.78,AMOLED,120.0,50,2,Vivo,High,HD,Dimensity 9200 plus
7700000.0,6.0,128,6.41,Super AMOLED,60.0,12,2,Vivo,Medium,HD,Snapdragon 660
5000000.0,8.0,256,6.44,"Super AMOLED, 60Hz",60.0,48,4,Vivo,Medium,HD,Snapdragon 712
6750000.0,12.0,256,6.62,AMOLED,120.0,64,3,Vivo,Medium,HD,Helio G99
9350000.0,12.0,256,6.78,AMOLED,120.0,50,3,Vivo,High,HD,Dimensity 7200
7880000.0,8.0,256,6.78,AMOLED,120.0,64,2,Vivo,Medium,HD,Snapdragon 695
8450000.0,12.0,256,6.67,AMOLED,120.0,64,2,Vivo,High,HD,Snapdragon 695
12550000.0,8.0,512,6.78,AMOLED,120.0,50,3,Vivo,High,HD,Snapdragon 778g
9350000.0,8.0,128,6.78,AMOLED,120.0,64,3,Vivo,High,HD,Snapdragon 695
11750000.0,12.0,256,6.78,AMOLED,120.0,50,3,Vivo,High,HD,Dimensity 8200
8550000.0,8.0,256,6.78,AMOLED,120.0,50,2,Vivo,High,HD,Snapdragon 6 gen 1
10950000.0,12.0,512,6.78,AMOLED,120.0,50,2,Vivo,High,HD,Snapdragon 7 gen 3
8550000.0,8.0,256,6.77,AMOLED,120.0,50,2,Vivo,High,HD,Dimensity 7300
10490000.0,12.0,512,6.78,AMOLED,120.0,50,2,Vivo,High,HD,Snapdragon 7 gen 3
6990000.0,12.0,512,6.67,AMOLED,120.0,50,2,Vivo,Medium,HD,Snapdragon 4 gen 2
5950000.0,8.0,256,6.67,AMOLED E4,120.0,50,2,Vivo,Medium,HD,Snapdragon 685
14990000.0,12.0,512,6.78,AMOLED,120.0,50,3,Vivo,High,HD,Dimensity 9200
12250000.0,16.0,1024,6.78,LTPO AMOLED,120.0,64,3,Vivo,High,HD,Dimensity 9300
17650000.0,16.0,1024,6.78,LTPO AMOLED,120.0,50,3,Vivo,Premium,HD,Dimensity 9300
13550000.0,16.0,1024,6.78,LTPO AMOLED,120.0,64,3,Vivo,High,HD,Dimensity 9300
10150000.0,16.0,1024,6.78,LTPO AMOLED,120.0,50,3,Vivo,High,HD,Dimensity 9300
22950000.0,16.0,1024,6.78,LTPO AMOLED,120.0,200,3,Vivo,Premium,FHD,Snapdragon 8 gen 3
12250000.0,16.0,1024,6.67,LTPO AMOLED,120.0,50,3,Vivo,High,HD,Dimensity 9400 plus
12950000.0,16.0,1024,6.67,AMOLED,120.0,50,3,Vivo,High,HD,Dimensity 9400
17250000.0,16.0,1024,6.78,LTPO AMOLED,120.0,200,3,Vivo,Premium,HD,Dimensity 9400
15250000.0,16.0,1024,6.31,LTPO AMOLED,120.0,50,3,Vivo,Premium,HD,Dimensity 9400
14950000.0,16.0,1024,6.31,AMOLED,120.0,50,3,Vivo,High,HD,Dimensity 9500
17950000.0,16.0,1024,6.78,LTPO AMOLED,120.0,200,3,Vivo,Premium,HD,Dimensity 9500
15950000.0,16.0,1024,6.31,LTPO AMOLED,120.0,50,3,Vivo,Premium,HD,Dimensity 9500
22950000.0,16.0,1024,6.78,LTPO AMOLED,120.0,200,3,Vivo,Premium,FHD,Snapdragon 8 e
13150000.0,12.0,512,6.78,AMOLED,120.0,50,3,Vivo,High,HD,Dimensity 9000
19450000.0,12.0,512,6.78,AMOLED,120.0,50,4,Vivo,Premium,FHD,Snapdragon 8 gen 1
13050000.0,12.0,512,6.78,AMOLED,120.0,50,3,Vivo,High,HD,Dimensity 9200
12950000.0,12.0,512,6.78,AMOLED,120.0,50,3,Vivo,High,HD,Dimensity 9200
17450000.0,12.0,512,6.78,AMOLED,120.0,50,3,Vivo,Premium,HD,Dimensity 9200
22750000.0,12.0,512,6.78,LTPO4 AMOLED,120.0,64,4,Vivo,Premium,FHD,Snapdragon 8 gen 2
19750000.0,12.0,512,6.74,Foldable LTPO AMOLED | Màn phụ: AMOLED,120.0,50,2,Vivo,Premium,HD,Snapdragon 8 gen 1
29950000.0,12.0,512,8.03,Màn trong: Foldable LTPO4 AMOLED | Màn ngoài: AMOLED,120.0,50,3,Vivo,Premium,FHD,Snapdragon 8 gen 2
24550000.0,16.0,1024,8.03,Foldable LTPO AMOLED (màn chính) | AMOLED (màn phụ),120.0,50,3,Vivo,Premium,2K,Snapdragon 8 gen 2
34350000.0,16.0,1024,8.03,Foldable LTPO AMOLED E7,120.0,64,3,Vivo,Premium,2K,Snapdragon 8 gen 3
2950000.0,4.0,128,6.56,IPS LCD,90.0,13,2,Vivo,Low,HD,Helio G85
5350000.0,12.0,512,6.64,IPS LCD,240.0,50,2,Vivo,Medium,HD,Dimensity 6020
4690000.0,12.0,512,6.78,AMOLED,120.0,64,2,Vivo,Medium,HD,Snapdragon 695
6950000.0,8.0,256,6.67,AMOLED E4,120.0,50,2,Vivo,Medium,HD,Snapdragon 685
3450000.0,6.0,64,6.51,IPS LCD,60.0,13,3,Vivo,Medium,HD,Snapdragon 460
4350000.0,12.0,512,6.72,IPS LCD,120.0,50,2,Vivo,Medium,HD,Snapdragon 6 gen 1
6450000.0,8.0,128,6.67,AMOLED,120.0,64,2,Vivo,Medium,HD,Snapdragon 4 gen 1
5650000.0,12.0,512,6.78,AMOLED,144.0,50,2,Vivo,Medium,HD,Snapdragon 7 gen 3
4600000.0,6.0,128,6.51,IPS LCD,60.0,50,3,Vivo,Medium,HD,Helio G80
3650000.0,4.0,128,6.51,IPS LCD,60.0,13,2,Vivo,Medium,HD,Helio p35
3750000.0,8.0,256,6.64,IPS LCD,90.0,50,2,Vivo,Medium,HD,Snapdragon 680
5250000.0,8.0,256,6.56,IPS LCD,90.0,50,2,Vivo,Medium,HD,Dimensity 6300
5750000.0,8.0,256,6.68,IPS LCD,90.0,50,2,Vivo,Medium,HD,Helio G85
4250000.0,12.0,512,6.72,IPS LCD,120.0,50,2,Vivo,Medium,HD,Dimensity 7300
4950000.0,12.0,512,6.77,AMOLED,120.0,50,2,Vivo,Medium,HD,Dimensity 6300
6250000.0,12.0,512,6.77,AMOLED,120.0,50,2,Vivo,Medium,HD,Snapdragon 6 gen 1
5950000.0,12.0,512,6.77,AMOLED,120.0,50,2,Vivo,Medium,HD,Snapdragon 7
5450000.0,8.0,256,6.64,IPS LCD,60.0,50,1,Vivo,Medium,HD,Dimensity 6020
5660000.0,12.0,256,6.64,IPS LCD,60.0,50,1,Vivo,Medium,HD,Dimensity 6020
6250000.0,8.0,256,6.68,IPS LCD,120.0,50,2,Vivo,Medium,HD,Snapdragon 4 gen 2
4950000.0,12.0,256,6.64,IPS LCD,120.0,50,2,Vivo,Medium,HD,Dimensity 7020
6688000.0,12.0,256,6.64,IPS LCD,60.0,50,2,Vivo,Medium,HD,Dimensity 6020
7150000.0,12.0,256,6.64,IPS LCD,120.0,50,2,Vivo,Medium,HD,Dimensity 7020
3750000.0,12.0,256,6.64,IPS LCD,120.0,50,2,Vivo,Medium,HD,Snapdragon 6 gen 1
6688000.0,12.0,256,6.64,IPS LCD,60.0,50,2,Vivo,Medium,HD,Dimensity 6020
4550000.0,12.0,256,6.64,IPS LCD,120.0,50,2,Vivo,Medium,HD,Dimensity 7020
5450000.0,12.0,256,6.78,AMOLED,120.0,50,2,Vivo,Medium,HD,Snapdragon 695
1590000.0,8.0,16,6.0,IPS LCD,60.0,8,1,Vsmart,Low,HD,MediaTek 9
2350000.0,4.0,64,6.39,AMOLED,60.0,48,3,Vsmart,Low,HD,Helio p60
3450000.0,6.0,64,6.39,AMOLED,60.0,64,4,Vsmart,Medium,HD,Snapdragon 730
4550000.0,8.0,128,6.39,AMOLED,60.0,64,4,Vsmart,Medium,HD,Snapdragon 730
2050000.0,2.0,32,6.5,IPS LCD,60.0,13,3,Vsmart,Low,HD,Snapdragon 632
1750000.0,4.0,64,6.53,LTPS IPS LCD,60.0,16,4,Vsmart,Low,HD,Snapdragon 665
3450000.0,4.0,64,6.2,AMOLED,60.0,48,3,Vsmart,Medium,HD,Snapdragon 675
2550000.0,4.0,64,6.5,LTPS IPS LCD,60.0,48,4,Vsmart,Low,HD,Snapdragon 675
1590000.0,2.0,16,6.09,IPS LCD,60.0,8,2,Vsmart,Low,HD,Snapdragon 215
2250000.0,3.0,32,6.09,IPS LCD,60.0,8,2,Vsmart,Low,HD,Helio p35
1450000.0,4.0,64,6.52,"6.52"", IPS LCD, HD+ (720 x 1600 Pixels)",60.0,13,3,Vsmart,Low,HD,Helio G35
24490000.0,12.0,256,6.73,AMOLED,60.0,50,3,Xiaomi,Premium,FHD,Snapdragon 8 gen 2
16490000.0,8.0,256,6.36,AMOLED,120.0,50,3,Xiaomi,Premium,HD,Snapdragon 8
10590000.0,12.0,256,6.67,AMOLED,144.0,50,3,Xiaomi,High,HD,Dimensity 8200ultra
18990000.0,12.0,256,6.36,LTPO OLED,120.0,50,3,Xiaomi,Premium,HD,Snapdragon 8 gen 3
24090000.0,16.0,512,6.73,AMOLED,120.0,50,4,Xiaomi,Premium,FHD,Snapdragon 8 gen 3
14490000.0,12.0,512,6.67,AMOLED,144.0,50,3,Xiaomi,High,HD,Dimensity 9300
10990000.0,12.0,512,6.67,AMOLED,144.0,50,3,Xiaomi,High,HD,Dimensity 8300ultra
11990000.0,12.0,256,6.67,AMOLED,120.0,108,3,Xiaomi,High,HD,Snapdragon 888
10990000.0,8.0,128,6.67,AMOLED,60.0,108,3,Xiaomi,High,HD,Dimensity 1200ultra
5490000.0,8.0,128,6.67,AMOLED,120.0,108,3,Xiaomi,Medium,HD,Dimensity 8100 ultra
2990000.0,6.0,128,6.58,IPS LCD,60.0,50,3,Xiaomi,Low,HD,Helio G99
3650000.0,4.0,128,6.5,IPS LCD,90.0,50,4,Xiaomi,Medium,HD,Helio G88
2190000.0,4.0,64,6.71,IPS LCD,60.0,50,2,Xiaomi,Low,HD,Helio G85
2990000.0,6.0,128,6.74,IPS LCD,90.0,50,2,Xiaomi,Low,HD,Helio G85
2190000.0,3.0,32,6.52,IPS LCD,60.0,8,1,Xiaomi,Low,HD,Helio G36
5490000.0,6.0,128,6.47,AMOLED,60.0,108,5,Xiaomi,Medium,HD,Snapdragon 730g
4090000.0,4.0,128,6.43,AMOLED,90.0,50,4,Xiaomi,Medium,HD,Snapdragon 680
5590000.0,8.0,128,6.67,AMOLED,120.0,108,3,Xiaomi,Medium,HD,Snapdragon 695
3890000.0,4.0,64,6.43,AMOLED,90.0,50,4,Xiaomi,Medium,HD,Snapdragon 680
4990000.0,8.0,128,6.43,AMOLED,90.0,108,4,Xiaomi,Medium,HD,Helio G96
4290000.0,8.0,128,6.67,AMOLED,120.0,50,3,Xiaomi,Medium,HD,Snapdragon 685
3790000.0,4.0,128,6.67,AMOLED,120.0,50,3,Xiaomi,Medium,HD,Snapdragon 685
5990000.0,8.0,128,6.67,AMOLED,120.0,200,3,Xiaomi,Medium,HD,Helio G99ULTRA
8290000.0,8.0,256,6.67,AMOLED,120.0,200,3,Xiaomi,High,HD,Dimensity 7200 ultra
3990000.0,6.0,128,6.67,AMOLED,120.0,108,3,Xiaomi,Medium,HD,Snapdragon 685
8150000.0,8.0,256,6.67,AMOLED,120.0,108,3,Xiaomi,High,HD,Dimensity 1200
10700000.0,12.0,256,6.67,AMOLED,120.0,108,3,Xiaomi,High,HD,Snapdragon 888
6850000.0,8.0,256,6.55,AMOLED,90.0,64,3,Xiaomi,Medium,HD,Snapdragon 778g
10950000.0,12.0,512,6,AMOLED,120.0,50,3,Xiaomi,High,HD,Snapdragon 8 gen 1
10950000.0,12.0,512,6.73,LTPO AMOLED,120.0,50,3,Xiaomi,High,FHD,Snapdragon 8 gen 1
14950000.0,12.0,512,6.73,LTPO2 AMOLED,120.0,50,3,Xiaomi,High,FHD,Snapdragon 8 gen 1
9450000.0,8.0,256,6.67,AMOLED,120.0,108,3,Xiaomi,High,HD,Dimensity 8100ultra
12850000.0,12.0,256,6.67,AMOLED,120.0,200,3,Xiaomi,High,HD,Snapdragon 8 gen 1
10950000.0,12.0,256,6.28,OLED,120.0,50,3,Xiaomi,High,HD,Snapdragon 870
14650000.0,12.0,256,6.28,AMOLED,120.0,50,3,Xiaomi,High,HD,Snapdragon 8 gen 1
8950000.0,12.0,256,6.28,AMOLED,120.0,50,3,Xiaomi,High,HD,Snapdragon 8 gen 1
6050000.0,8.0,256,6.55,AMOLED,120.0,108,3,Xiaomi,Medium,HD,Snapdragon 778g
19950000.0,12.0,256,6.73,LTPO AMOLED,120.0,50,3,Xiaomi,Premium,FHD,Snapdragon 8 gen 1
9750000.0,12.0,256,6.73,LTPO 2.0 AMOLED,120.0,50,3,Xiaomi,High,FHD,Dimensity 9000
9750000.0,12.0,256,6.73,LTPO AMOLED,120.0,50,3,Xiaomi,High,FHD,Snapdragon 8 gen 1
9450000.0,12.0,256,6.67,AMOLED,144.0,50,3,Xiaomi,High,HD,Dimensity 8200 ultra
15990000.0,16.0,1024,6.67,AMOLED,144.0,50,3,Xiaomi,Premium,HD,Dimensity 9200
8250000.0,12.0,128,6.36,AMOLED,120.0,50,3,Xiaomi,High,HD,Snapdragon 8 gen 2
8750000.0,8.0,256,6.55,AMOLED,120.0,50,3,Xiaomi,High,HD,Snapdragon 7 gen 1
10250000.0,12.0,128,6.73,LTPO AMOLED,120.0,50,3,Xiaomi,High,FHD,Snapdragon 8 gen 2
19450000.0,16.0,1024,6.73,LTPO OLED,120.0,50,4,Xiaomi,Premium,FHD,Snapdragon 8 gen 2
10150000.0,16.0,512,6.67,AMOLED,144.0,50,3,Xiaomi,High,HD,Dimensity 8300 ultra
13650000.0,16.0,1024,6.67,AMOLED,144.0,50,3,Xiaomi,High,HD,Dimensity 9300 plus
12250000.0,16.0,1024,6.36,LTPO OLED,120.0,50,3,Xiaomi,High,HD,Snapdragon 8 gen 3
14750000.0,12.0,512,6.36,LTPO AMOLED,120.0,50,3,Xiaomi,High,HD,Snapdragon 8 gen 3
13550000.0,12.0,512,6.55,LTPO AMOLED,120.0,50,3,Xiaomi,High,HD,Snapdragon 8
16250000.0,16.0,1024,6.73,LTPO AMOLED,120.0,50,3,Xiaomi,Premium,FHD,Snapdragon 8 gen 3
19950000.0,16.0,1024,6.73,LTPO AMOLED,120.0,50,4,Xiaomi,Premium,FHD,Snapdragon 8 gen 3
19950000.0,16.0,1024,6.73,LTPO AMOLED,120.0,50,3,Xiaomi,Premium,FHD,Snapdragon 8 e
15250000.0,16.0,1024,6.36,LTPO OLED,120.0,50,3,Xiaomi,Premium,HD,Snapdragon 8 e
18950000.0,16.0,1024,6.73,LTPO AMOLED,120.0,50,3,Xiaomi,Premium,FHD,Snapdragon 8 e
16250000.0,16.0,1024,6.73,LTPO AMOLED,120.0,200,4,Xiaomi,Premium,FHD,Snapdragon 8 e
3450000.0,6.0,128,6.39,AMOLED,60.0,48,2,Xiaomi,Medium,HD,Snapdragon 855
3650000.0,12.0,256,6.39,AMOLED,60.0,48,2,Xiaomi,Medium,HD,Snapdragon 855
4750000.0,12.0,256,6.67,AMOLED,120.0,64,3,Xiaomi,Medium,HD,Snapdragon 865
4550000.0,12.0,256,6.67,AMOLED,90.0,64,3,Xiaomi,Medium,HD,Snapdragon 865
4590000.0,12.0,512,7.1,AMOLED,90.0,64,3,Xiaomi,Medium,FHD,Snapdragon 865
5500000.0,12.0,256,6.67,"Super AMOLED, 144Hz, HDR10+, 1300 nits",144.0,48,3,Xiaomi,Medium,HD,Snapdragon 870
16950000.0,16.0,512,6.67,"Super AMOLED, 144Hz, HDR10+, 1300 nits",144.0,64,3,Xiaomi,Premium,HD,Snapdragon 888
9450000.0,12.0,256,6.67,"Super AMOLED, 144Hz, HDR10+, 1300 nits",144.0,48,3,Xiaomi,High,HD,Snapdragon 870
8550000.0,12.0,256,6.67,AMOLED,144.0,64,3,Xiaomi,High,HD,Snapdragon 870
12950000.0,12.0,256,6.67,AMOLED,144.0,64,3,Xiaomi,High,HD,Snapdragon 870
15450000.0,16.0,512,6.67,OLED,144.0,108,3,Xiaomi,Premium,HD,Snapdragon 8 gen1
7950000.0,12.0,256,6.67,AMOLED,144.0,64,3,Xiaomi,Medium,HD,Snapdragon 888
13450000.0,16.0,512,6.67,OLED,144.0,50,3,Xiaomi,High,FHD,Snapdragon 8 gen 2
9050000.0,8.0,128,6.02,AMOLED,60.0,20,2,Xiaomi,High,HD,Snapdragon 845
9950000.0,8.0,256,6.55,AMOLED,120.0,64,3,Xiaomi,High,HD,Snapdragon 778g
8450000.0,12.0,256,6.55,OLED,120.0,64,3,Xiaomi,High,HD,Snapdragon 778g
10950000.0,12.0,256,6.55,OLED,120.0,50,3,Xiaomi,High,HD,Snapdragon 8 gen 1
7250000.0,12.0,256,6.55,AMOLED,120.0,50,3,Xiaomi,Medium,HD,Snapdragon 7 gen 1
8250000.0,12.0,1024,6.55,AMOLED,120.0,50,3,Xiaomi,High,HD,Dimensity 8200 ultra
10450000.0,16.0,512,6.55,AMOLED,120.0,50,3,Xiaomi,High,HD,Snapdragon 8
10350000.0,12.0,1024,6.55,AMOLED,120.0,50,3,Xiaomi,High,HD,Snapdragon 8
16450000.0,12.0,256,6.67,AMOLED,120.0,108,3,Xiaomi,Premium,HD,Snapdragon 888
23450000.0,16.0,1024,6.86,Foldable LTPO AMOLED | Màn hình phụ: AMOLED,120.0,50,2,Xiaomi,Premium,HD,Snapdragon 8 e
21150000.0,16.0,1024,6.86,Foldable LTPO AMOLED | Màn hình phụ: AMOLED,120.0,50,2,Xiaomi,Premium,HD,Snapdragon 8 gen 3
31450000.0,12.0,1024,8.02,Foldable LTPO2 OLED | AMOLED,120.0,50,3,Xiaomi,Premium,FHD,Snapdragon 8 gen 1
30950000.0,16.0,1024,8.03,Foldable LTPO OLED+ (chính) | AMOLED (phụ),120.0,50,4,Xiaomi,Premium,FHD,Snapdragon 8 gen 2
31250000.0,16.0,1024,7.98,Foldable LTPO AMOLED (chính) | LTPO AMOLED (phụ),120.0,50,4,Xiaomi,Premium,2K,Snapdragon 8 gen 3
11750000.0,12.0,256,6.7,Super AMOLED,90.0,108,4,Xiaomi,High,HD,Snapdragon 865
5950000.0,8.0,128,6.57,AMOLED,60.0,48,4,Xiaomi,Medium,HD,Snapdragon 765g
16100000.0,12.0,512,6.5,OLED,90.0,108,4,Xiaomi,Premium,HD,Snapdragon 865
18350000.0,16.0,512,6.67,OLED,120.0,48,4,Xiaomi,Premium,HD,Snapdragon 865
10850000.0,12.0,256,6.81,AMOLED,120.0,108,3,Xiaomi,High,FHD,Snapdragon 888
6850000.0,8.0,256,6.55,"AMOLED, 1B colors, HDR10+, 90Hz, 800 nits",90.0,64,3,Xiaomi,Medium,HD,Snapdragon 780g
7950000.0,8.0,256,6.55,AMOLED,90.0,64,3,Xiaomi,Medium,HD,Snapdragon 780g
5550000.0,6.0,64,6.21,AMOLED,60.0,12,2,Xiaomi,Medium,HD,Snapdragon 845
3050000.0,4.0,64,6.26,IPS LCD,60.0,12,2,Xiaomi,Medium,HD,Snapdragon 660
6150000.0,6.0,128,6.21,Super AMOLED,60.0,12,2,Xiaomi,Medium,HD,Snapdragon 845
4250000.0,4.0,64,5.88,AMOLED,60.0,12,2,Xiaomi,Medium,HD,Snapdragon 710
6750000.0,6.0,64,6.39,AMOLED,60.0,48,3,Xiaomi,Medium,HD,Snapdragon 730
7550000.0,6.0,64,6.39,Super AMOLED,60.0,48,3,Xiaomi,Medium,HD,Snapdragon 855
10100000.0,12.0,512,6.39,Super AMOLED,60.0,48,3,Xiaomi,High,HD,Snapdragon 855
5850000.0,6.0,64,5.97,Super AMOLED,60.0,48,3,Xiaomi,Medium,HD,Snapdragon 712
4750000.0,6.0,64,6.39,"AMOLED, 6.39 inches, 1080 x 2340 pixels, 19.5:9",60.0,48,3,Xiaomi,Medium,HD,Snapdragon 710
3350000.0,6.0,64,6.01,AMOLED,60.0,48,3,Xiaomi,Medium,HD,Snapdragon 665
9050000.0,8.0,256,6.39,"AMOLED, 6.39 inches, 1080 x 2340 pixels, 19.5:9",60.0,48,3,Xiaomi,High,HD,Snapdragon 710
8550000.0,8.0,256,6.47,Super AMOLED,60.0,108,5,Xiaomi,High,HD,Snapdragon 730g
6950000.0,6.0,128,6.4,Super AMOLED,60.0,12,2,Xiaomi,Medium,HD,Snapdragon 845
20100000.0,16.0,512,6.52,"Foldable AMOLED, 1B colors, HDR10+, Dolby Vision, 900 nits",90.0,108,3,Xiaomi,Premium,HD,Snapdragon 888
5050000.0,4.0,64,8,IPS LCD,60.0,13,1,Xiaomi,Medium,HD,Snapdragon 660
21100000.0,4.0,64,5.84,OLED,60.0,12,2,Xiaomi,Premium,HD,Helio p35
2950000.0,4.0,64,6.7,IPS LCD,60.0,13,2,Xiaomi,Low,HD,Jr510 8 
2350000.0,6.0,128,6.71,IPS LCD,90.0,8,2,Xiaomi,Low,HD,Helio G36
2600000.0,8.0,256,6.74,IPS LCD,90.0,50,2,Xiaomi,Low,HD,Helio G85
2950000.0,8.0,256,6.88,IPS LCD,120.0,50,1,Xiaomi,Low,HD,Helio G81 ULTRA
2450000.0,4.0,64,6.88,IPS LCD,120.0,50,1,Xiaomi,Low,HD,Snapdragon 4
6750000.0,8.0,256,6.67,"AMOLED, 120Hz, HDR10+",120.0,48,3,Xiaomi,Medium,HD,Snapdragon 870
7950000.0,12.0,256,6.67,AMOLED,120.0,64,3,Xiaomi,Medium,HD,Snapdragon 870
10450000.0,12.0,256,6.67,OLED,120.0,64,3,Xiaomi,High,HD,Snapdragon 8 gen 1
7450000.0,12.0,256,6.67,AMOLED,120.0,64,3,Xiaomi,Medium,HD,Snapdragon 7 gen 2
10850000.0,16.0,512,6.67,AMOLED,120.0,64,3,Xiaomi,High,FHD,Snapdragon 8 gen 1
9690000.0,12.0,512,6.67,AMOLED,120.0,50,2,Xiaomi,High,HD,Snapdragon 8
10750000.0,16.0,1024,6.67,AMOLED,120.0,50,3,Xiaomi,High,FHD,Snapdragon 8 gen 2
8350000.0,12.0,512,6.67,AMOLED,120.0,50,2,Xiaomi,High,HD,Snapdragon 8
12850000.0,12.0,512,6.67,AMOLED,120.0,50,2,Xiaomi,High,FHD,Snapdragon 8 gen 3
16590000.0,16.0,512,6.67,AMOLED,120.0,50,3,Xiaomi,Premium,FHD,Snapdragon 8 e
3550000.0,6.0,64,6.53,IPS LCD,60.0,48,3,Xiaomi,Medium,HD,Snapdragon 662
4150000.0,6.0,128,6.5,IPS LCD,90.0,48,3,Xiaomi,Medium,HD,Dimensity 700
3550000.0,8.0,256,6.43,AMOLED,90.0,64,3,Xiaomi,Medium,HD,Helio G96
4450000.0,6.0,128,6.6,IPS LCD,90.0,50,2,Xiaomi,Medium,HD,Dimensity 810
2490000.0,6.0,128,6.58,IPS LCD,90.0,50,3,Xiaomi,Low,HD,Helio G99
4250000.0,8.0,256,6.79,IPS LCD,90.0,108,2,Xiaomi,Medium,HD,Helio G91 ULTRA
3150000.0,8.0,256,6.74,IPS LCD,90.0,50,2,Xiaomi,Medium,HD,Dimensity 6100
4150000.0,8.0,128,6.79,IPS LCD,120.0,108,2,Xiaomi,Medium,HD,Snapdragon 4 gen 2
4950000.0,12.0,512,6.67,AMOLED,120.0,64,3,Xiaomi,Medium,HD,Helio G99 ULTRA
3250000.0,6.0,128,6.79,IPS LCD,90.0,50,2,Xiaomi,Medium,HD,Snapdragon 4 gen 2
4550000.0,8.0,128,6.79,IPS LCD,120.0,108,2,Xiaomi,Medium,HD,Helio G91 ULTRA
4490000.0,8.0,256,6.67,AMOLED,120.0,50,2,Xiaomi,Medium,HD,Dimensity 7025 ultra
4950000.0,6.0,128,6,"PS LCD, 120Hz",120.0,64,4,Xiaomi,Medium,HD,Snapdragon 732g
6950000.0,8.0,256,6.6,IPS LCD,120.0,64,3,Xiaomi,Medium,HD,Dimensity 1100
5450000.0,8.0,256,6.67,IPS LCD,120.0,48,4,Xiaomi,Medium,HD,Snapdragon 860
7350000.0,8.0,256,6.6,IPS LCD,144.0,64,3,Xiaomi,Medium,HD,Dimensity 8100
5150000.0,8.0,256,6.67,AMOLED,120.0,108,3,Xiaomi,Medium,HD,Snapdragon 695
5250000.0,8.0,256,6.67,AMOLED,120.0,48,3,Xiaomi,Medium,HD,Snapdragon 695
7000000.0,8.0,256,6.67,AMOLED,120.0,108,3,Xiaomi,Medium,HD,Snapdragon 778g
6550000.0,12.0,512,6.67,AMOLED,120.0,64,3,Xiaomi,Medium,HD,Snapdragon 7
4750000.0,12.0,256,6.67,AMOLED,120.0,108,2,Xiaomi,Medium,HD,Dimensity 6080
7990000.0,12.0,512,6.67,AMOLED,120.0,64,3,Xiaomi,Medium,HD,Dimensity 8300 ultra
4950000.0,12.0,512,6.67,AMOLED,120.0,50,3,Xiaomi,Medium,HD,Dimensity 7300 ultra
4150000.0,12.0,256,6.67,AMOLED,120.0,50,2,Xiaomi,Medium,HD,Dimensity 7025 ultra
7650000.0,12.0,512,6.67,AMOLED,120.0,50,2,Xiaomi,Medium,HD,Dimensity 8400 ultra
2450000.0,6.0,128,6.53,IPS LCD,60.0,13,1,Xiaomi,Low,HD,Helio G25
2650000.0,4.0,128,6.71,IPS LCD,60.0,50,2,Xiaomi,Low,HD,Snapdragon 680
4150000.0,6.0,128,6.53,IPS LCD,60.0,48,4,Xiaomi,Medium,HD,Helio G85
5050000.0,8.0,256,6.57,AMOLED Mini Camera,60.0,48,3,Xiaomi,Medium,HD,Dimensity 820
7550000.0,8.0,256,6.57,AMOLED Mini Camera,60.0,48,4,Xiaomi,Medium,HD,Dimensity 820
3650000.0,4.0,128,6.5,LTPS LCD,90.0,50,4,Xiaomi,Medium,HD,Helio G88
3300000.0,6.0,128,6.58,IPS LCD,90.0,50,2,Xiaomi,Medium,HD,Dimensity 700
1650000.0,6.0,128,6.71,IPS LCD,60.0,50,2,Xiaomi,Low,HD,Helio G85
4250000.0,8.0,256,6.79,IPS LCD,90.0,50,3,Xiaomi,Medium,HD,Helio G88
2350000.0,8.0,256,6.79,IPS LCD,90.0,50,2,Xiaomi,Low,HD,Snapdragon 4 gen 2
2550000.0,8.0,256,6.74,IPS LCD,90.0,50,2,Xiaomi,Low,HD,Dimensity 6100
2600000.0,8.0,256,6.74,IPS LCD,90.0,50,2,Xiaomi,Low,HD,Helio G85
2250000.0,4.0,128,6.74,IPS LCD,90.0,50,2,Xiaomi,Low,HD,Dimensity 6100
4250000.0,8.0,256,6.79,IPS LCD,90.0,108,2,Xiaomi,Medium,HD,Helio G91 ULTRA
4350000.0,8.0,256,6.79,IPS LCD,120.0,108,2,Xiaomi,Medium,HD,Snapdragon 4 gen 2
2950000.0,8.0,256,6.88,IPS LCD,120.0,50,1,Xiaomi,Low,HD,Snapdragon 4 gen 2
2650000.0,8.0,128,6.88,IPS LCD,120.0,50,1,Xiaomi,Low,HD,Helio G81 ULTRA
3850000.0,8.0,256,6.88,IPS LCD,120.0,13,1,Xiaomi,Medium,HD,Snapdragon 4 gen 2
4050000.0,8.0,256,6.79,IPS LCD,120.0,108,2,Xiaomi,Medium,HD,Helio G91 ULTRA
2000000.0,2.0,16,6,IPS LCD,60.0,12,2,Xiaomi,Low,HD,Snapdragon 632
2050000.0,2.0,16,5.45,IPS LCD,60.0,13,1,Xiaomi,Low,HD,Snapdragon 439
2100000.0,3.0,32,"6,26",IPS LCD,60.0,12,2,Xiaomi,Low,HD,Snapdragon 632
2450000.0,4.0,64,6.22,IPS LCD,60.0,12,2,Xiaomi,Low,HD,Snapdragon 439
2300000.0,4.0,64,6.2,IPS LCD,60.0,12,1,Xiaomi,Low,HD,Snapdragon 439
2150000.0,6.0,128,6.53,IPS LCD,60.0,13,1,Xiaomi,Low,HD,Helio G25
2750000.0,4.0,128,6.53,IPS LCD,60.0,13,3,Xiaomi,Low,HD,Helio G35
3350000.0,6.0,128,6.53,IPS LCD,60.0,48,3,Xiaomi,Medium,HD,Snapdragon 662
2950000.0,6.0,128,6.53,IPS LCD,60.0,13,4,Xiaomi,Low,HD,Helio G80
2750000.0,3.0,32,6.52,IPS LCD,60.0,8,2,Xiaomi,Low,HD,Helio a22
2250000.0,6.0,128,6.71,IPS LCD,90.0,8,2,Xiaomi,Low,HD,Helio G36
1750000.0,3.0,64,6.71,IPS LCD,90.0,8,2,Xiaomi,Low,HD,Tiger t603 8
2350000.0,8.0,256,6.88,IPS LCD,120.0,13,1,Xiaomi,Low,HD,Helio G81 ULTRA
2550000.0,4.0,128,6.88,IPS LCD,120.0,50,1,Xiaomi,Low,HD,Snapdragon 4
2250000.0,6.0,128,6.88,IPS LCD,120.0,32,1,Xiaomi,Low,HD,Unisoc t7250 8
3950000.0,6.0,64,6.39,AMOLED,60.0,48,3,Xiaomi,Medium,HD,Snapdragon 730
3950000.0,6.0,64,6.39,Super AMOLED,60.0,48,3,Xiaomi,Medium,HD,Snapdragon 855
8650000.0,12.0,512,6.39,Super AMOLED,60.0,48,3,Xiaomi,High,HD,Snapdragon 855
5250000.0,6.0,128,6.67,IPS LCD,120.0,48,4,Xiaomi,Medium,HD,Snapdragon 765g
8450000.0,8.0,256,6.67,"IPS LCD, 144Hz, HDR10+, 500 nits (typ), 650 nits (peak)",60.0,64,3,Xiaomi,High,HD,Snapdragon 865
4350000.0,8.0,256,6.67,IPS LCD,120.0,64,4,Xiaomi,Medium,HD,Snapdragon 730g
5350000.0,8.0,128,6.67,IPS LCD,120.0,64,4,Xiaomi,Medium,HD,Snapdragon 765g
6050000.0,6.0,128,6.67,IPS LCD,120.0,64,4,Xiaomi,Medium,HD,Snapdragon 768g
13050000.0,8.0,2128,6.67,Super AMOLED,60.0,64,4,Xiaomi,High,HD,Snapdragon 865
8650000.0,12.0,128,6.67,Super AMOLED,60.0,64,4,Xiaomi,High,HD,Snapdragon 865
7750000.0,8.0,256,6.67,AMOLED,120.0,64,4,Xiaomi,Medium,HD,Dimensity 1000
5250000.0,12.0,256,6.67,E4 AMOLED,120.0,48,3,Xiaomi,Medium,HD,Snapdragon 870
4450000.0,12.0,256,6.67,Super AMOLED,120.0,48,3,Xiaomi,Medium,HD,Snapdragon 870
4750000.0,12.0,256,6.67,OLED,120.0,64,3,Xiaomi,Medium,HD,Dimensity 1200
9250000.0,12.0,256,6.67,Super AMOLED,120.0,108,4,Xiaomi,High,HD,Snapdragon 888
4950000.0,12.0,256,6.67,OLED,120.0,48,3,Xiaomi,Medium,FHD,Dimensity 8100
7950000.0,12.0,512,6.67,OLED,144.0,108,3,Xiaomi,Medium,HD,Snapdragon 8 gen 1
12450000.0,12.0,256,6.67,OLED,120.0,64,3,Xiaomi,High,HD,Snapdragon 8 gen 1
7450000.0,12.0,512,6.67,OLED,120.0,108,3,Xiaomi,Medium,FHD,Dimensity 9000
7950000.0,12.0,512,6.67,OLED,144.0,108,3,Xiaomi,Medium,HD,Snapdragon 8 gen 1
4950000.0,12.0,512,6.67,OLED,120.0,48,3,Xiaomi,Medium,FHD,Dimensity 8200
6350000.0,16.0,512,6.67,OLED,120.0,64,3,Xiaomi,Medium,FHD,Snapdragon 8 gen 1
8950000.0,16.0,512,6.67,OLED,120.0,54,3,Xiaomi,High,FHD,Snapdragon 8 gen 2
7550000.0,24.0,1024,6.67,OLED,144.0,50,3,Xiaomi,Medium,HD,Dimensity 9200
5650000.0,16.0,1024,6.67,OLED,120.0,64,3,Xiaomi,Medium,HD,Dimensity 8300 ultra
7350000.0,16.0,1024,6.67,OLED,120.0,50,3,Xiaomi,Medium,FHD,Snapdragon 8 gen 2
9550000.0,24.0,1024,6.67,OLED,120.0,50,3,Xiaomi,High,FHD,Snapdragon 8 gen 3
8750000.0,24.0,1024,6.67,OLED,144.0,50,3,Xiaomi,High,HD,Dimensity 9300
8750000.0,16.0,1024,6.67,OLED,120.0,50,2,Xiaomi,High,FHD,Snapdragon 8 gen 3
12750000.0,16.0,1024,6.67,OLED,120.0,50,3,Xiaomi,High,FHD,Snapdragon 8 e
8850000.0,16.0,1024,6.67,OLED,144.0,50,3,Xiaomi,High,HD,Dimensity 9400 plus
9950000.0,16.0,1024,6.67,OLED,120.0,50,2,Xiaomi,High,FHD,Snapdragon 8 e
14950000.0,16.0,1024,6.67,OLED,120.0,50,3,Xiaomi,High,FHD,Snapdragon 8 e
3800000.0,8.0,128,6.43,AMOLED,60.0,64,4,Xiaomi,Medium,HD,Helio G95
3850000.0,6.0,128,6.43,Super AMOLED,60.0,48,4,Xiaomi,Medium,HD,Snapdragon 678
3850000.0,8.0,256,6.5,IPS LCD,90.0,48,3,Xiaomi,Medium,HD,Dimensity 700
5850000.0,8.0,256,6.6,IPS LCD,120.0,64,3,Xiaomi,Medium,HD,Dimensity 1100
5850000.0,8.0,256,6.67,AMOLED,120.0,108,4,Xiaomi,Medium,HD,Snapdragon 732g
4350000.0,8.0,256,6.67,Super AMOLED,120.0,108,3,Xiaomi,Medium,HD,Snapdragon 695
4950000.0,8.0,128,6.43,AMOLED,90.0,108,4,Xiaomi,Medium,HD,Helio G96
3850000.0,8.0,512,6.6,IPS LCD,144.0,64,3,Xiaomi,Medium,HD,Dimensity 8100
3750000.0,8.0,512,6.6,IPS LCD,144.0,64,3,Xiaomi,Medium,HD,Dimensity 8100
3750000.0,6.0,128,6.43,AMOLED,90.0,50,4,Xiaomi,Medium,HD,Snapdragon 680
2950000.0,8.0,256,6.6,IPS LCD,90.0,50,2,Xiaomi,Low,HD,Dimensity 810
3250000.0,8.0,128,6.67,Super AMOLED,120.0,108,4,Xiaomi,Medium,HD,Helio G96
4950000.0,8.0,256,6.67,Super AMOLED,120.0,108,4,Xiaomi,Medium,HD,Dimensity 920
3450000.0,8.0,128,6.67,Super AMOLED,120.0,108,3,Xiaomi,Medium,HD,Snapdragon 695
3650000.0,8.0,256,6.67,AMOLED,120.0,108,3,Xiaomi,Medium,HD,Dimensity 920
3950000.0,8.0,128,6.5,IPS LCD,90.0,48,2,Xiaomi,Medium,HD,Dimensity 700
2550000.0,8.0,256,6.79,IPS LCD,90.0,50,2,Xiaomi,Low,HD,Snapdragon 4 gen 2
5550000.0,12.0,256,6.67,OLED,120.0,48,2,Xiaomi,Medium,HD,Snapdragon 4 gen 1
5250000.0,8.0,256,6.43,AMOLED,90.0,108,3,Xiaomi,Medium,HD,Helio G96
3950000.0,12.0,512,6.6,IPS LCD,144.0,64,3,Xiaomi,Medium,HD,Dimensity 8200 ultra
2550000.0,8.0,256,6.67,Samsung GOLED,120.0,48,2,Xiaomi,Low,HD,Snapdragon 4 gen 1
3350000.0,8.0,256,6.67,AMOLED,120.0,50,3,Xiaomi,Medium,HD,Snapdragon 685
3950000.0,8.0,256,6.67,OLED,120.0,200,3,Xiaomi,Medium,HD,Dimensity 1080
3750000.0,12.0,256,6.67,OLED,120.0,50,3,Xiaomi,Medium,HD,Dimensity 1080
5650000.0,8.0,256,6.67,AMOLED,120.0,108,4,Xiaomi,Medium,HD,Snapdragon 732g
5950000.0,12.0,256,6.67,OLED,120.0,200,3,Xiaomi,Medium,HD,Dimensity 1080
4250000.0,12.0,256,6.67,OLED,120.0,108,3,Xiaomi,Medium,HD,Snapdragon 778g
4750000.0,16.0,512,6.67,OLED,120.0,64,3,Xiaomi,Medium,HD,Snapdragon 7 gen 2
8450000.0,12.0,256,6.67,OLED,120.0,64,3,Xiaomi,High,HD,Snapdragon 7 gen 2
4950000.0,12.0,512,6.79,IPS LCD,120.0,50,2,Xiaomi,Medium,HD,Snapdragon 4 gen 2
6780000.0,12.0,256,6.67,OLED,120.0,108,2,Xiaomi,Medium,HD,Dimensity 6080
2950000.0,12.0,256,6.67,AMOLED,120.0,108,2,Xiaomi,Low,HD,Dimensity 6080
3650000.0,8.0,256,6.67,AMOLED,120.0,108,3,Xiaomi,Medium,HD,Snapdragon 685
6950000.0,12.0,512,6.67,AMOLED,120.0,200,3,Xiaomi,Medium,HD,Helio G99 ULTRA
4150000.0,16.0,512,6.67,AMOLED,120.0,200,3,Xiaomi,Medium,HD,Snapdragon 7
6450000.0,16.0,512,6.67,OLED,120.0,200,3,Xiaomi,Medium,HD,Dimensity 7200 ultra
7850000.0,12.0,512,6.67,OLED,120.0,200,3,Xiaomi,Medium,HD,Dimensity 7200 ultra
6650000.0,8.0,256,6.67,AMOLED,120.0,200,3,Xiaomi,Medium,HD,Helio G99 ULTRA
4050000.0,12.0,256,6.67,OLED,120.0,50,2,Xiaomi,Medium,HD,Dimensity 7025 ultra
5450000.0,8.0,256,6.67,AMOLED,120.0,50,3,Xiaomi,Medium,HD,Dimensity 7025 ultra
4000000.0,8.0,256,6.67,AMOLED,120.0,108,3,Xiaomi,Medium,HD,Helio G99 ULTRA
4650000.0,12.0,512,6.67,AMOLED,120.0,50,3,Xiaomi,Medium,HD,Dimensity 7300 ultra
5950000.0,12.0,512,6.67,AMOLED,120.0,200,3,Xiaomi,Medium,HD,Helio G100 ULTRA
6750000.0,16.0,512,6.67,AMOLED,120.0,50,3,Xiaomi,Medium,HD,Snapdragon 7
3050000.0,3.0,32,6.3,IPS LCD,60.0,48,2,Xiaomi,Medium,HD,Snapdragon 660
3700000.0,6.0,128,6.3,IPS LCD,60.0,48,2,Xiaomi,Medium,HD,Snapdragon 675
3350000.0,6.0,128,6.3,IPS LCD,60.0,48,4,Xiaomi,Medium,HD,Snapdragon 665
5200000.0,6.0,128,6.53,IPS LCD,60.0,64,4,Xiaomi,Medium,HD,Helio G90
3950000.0,8.0,256,6.53,IPS LCD,60.0,64,4,Xiaomi,Medium,HD,Helio G90
4550000.0,8.0,256,6.53,"IPS LCD, 450 nits (typ)",60.0,48,3,Xiaomi,Medium,HD,Dimensity 800
5950000.0,8.0,128,6.67,IPS LCD,60.0,48,4,Xiaomi,Medium,HD,Snapdragon 720g
5450000.0,8.0,256,6.67,IPS LCD,120.0,108,4,Xiaomi,Medium,HD,Snapdragon 750g
5250000.0,16.0,1024,6.67,AMOLED,120.0,50,2,Xiaomi,Medium,HD,Snapdragon 8
9350000.0,16.0,512,6.67,AMOLED,120.0,50,2,Xiaomi,High,HD,Snapdragon 8
7450000.0,16.0,512,6.67,AMOLED,120.0,50,2,Xiaomi,Medium,HD,Dimensity 8400 ultra
8050000.0,16.0,1024,6.67,LTPO AMOLED,120.0,50,2,Xiaomi,High,HD,Snapdragon 8
1790000.0,3.0,64,6.52,IPS LCD,60.0,13,3,ZTE,Low,HD,Sc986 3a
2990000.0,8.0,256,6.6,IPS LCD,60.0,50,2,ZTE,Low,HD,Unisoc t606
3550000.0,8.0,256,6.67,OLED,90.0,64,3,ZTE,Medium,HD,Snapdragon 870
4950000.0,6.0,128,6.9,OLED,120.0,50,2,ZTE,Medium,HD,Snapdragon 7 gen 1
10450000.0,12.0,512,6.9,OLED,120.0,50,2,ZTE,High,HD,Dimensity 7300
4950000.0,12.0,512,6.72,IPS LCD,120.0,108,3,ZTE,Medium,HD,Unisoc t820 8
2150000.0,4.0,128,6.7,IPS LCD,120.0,50,1,ZTE,Low,HD,Unisoc t7200 8
4450000.0,8.0,256,6.72,IPS LCD,120.0,50,2,ZTE,Medium,HD,Tiger t820 8
5050000.0,8.0,512,6.72,IPS LCD,120.0,50,2,ZTE,Medium,HD,Snapdragon 7
5690000.0,12.0,256,6.8,AMOLED,120.0,50,2,ZTE,Medium,HD,Unisoc t9100 8
16950000.0,12.0,512,6.85,AMOLED,144.0,50,3,ZTE,Premium,HD,Snapdragon 8 e
17050000.0,12.0,512,6.8,AMOLED,120.0,50,3,ZTE,Premium,HD,Snapdragon 8 gen 3
12150000.0,16.0,1024,6.78,AMOLED,120.0,50,3,ZTE,High,HD,Snapdragon 8 gen 2
9650000.0,16.0,1024,6.67,AMOLED,144.0,64,2,ZTE,High,HD,Snapdragon 8 gen 2
13450000.0,16.0,1024,6.8,AMOLED,120.0,64,3,ZTE,High,HD,Snapdragon 8 gen 2
10500000.0,16.0,1024,6.8,AMOLED,120.0,50,3,ZTE,High,HD,Snapdragon 8 gen 2
14850000.0,16.0,1024,6.8,AMOLED,120.0,64,3,ZTE,High,HD,Snapdragon 8 gen 3
12950000.0,16.0,1024,6.8,AMOLED,120.0,64,3,ZTE,High,HD,Snapdragon 8 gen 3
14790000.0,16.0,512,6.8,AMOLED,120.0,64,3,ZTE,High,HD,Snapdragon 8 gen 3
16150000.0,24.0,1024,6.85,AMOLED,144.0,64,3,ZTE,Premium,HD,Snapdragon 8 e
